id,year,team1,team2,match_result,match_winner,toss_winner,action
1,2018,Mumbai Indians,Chennai Super Kings,Normal,Chennai Super Kings,Chennai Super Kings,field
2,2018,Kings XI Punjab,Delhi Capitals,Normal,Kings XI Punjab,Kings XI Punjab,field
3,2018,Kolkata Knight Riders,Royal Challengers Bangalore,Normal,Kolkata Knight Riders,Kolkata Knight Riders ,field
4,2018,Sunrisers Hyderabad,Rajasthan Royals,Normal,Sunrisers Hyderabad,Sunrisers Hyderabad,field
5,2018,Chennai Super Kings,Kolkata Knight Riders,Normal,Chennai Super Kings,Chennai Super Kings,field
6,2018,Rajasthan Royals,Delhi Capitals,Normal,Rajasthan Royals,Delhi Daredevils,field
7,2018,Sunrisers Hyderabad,Mumbai Indians,Normal,Sunrisers Hyderabad,Sunrisers Hyderabad,field
8,2018,Royal Challengers Bangalore,Kings XI Punjab,Normal,Royal Challengers Bangalore,Royal Challengers Bangalore,field
9,2018,Mumbai Indians,Delhi Capitals,Normal,Delhi Capitals,Delhi Daredevils,field
10,2018,Kolkata Knight Riders,Sunrisers Hyderabad,Normal,Sunrisers Hyderabad,Sunrisers Hyderabad,field
11,2018,Royal Challengers Bangalore,Rajasthan Royals,Normal,Rajasthan Royals,Royal Challengers Bangalore,field
12,2018,Kings XI Punjab,Chennai Super Kings,Normal,Kings XI Punjab,Chennai Super Kings,field
13,2018,Kolkata Knight Riders,Delhi Capitals,Normal,Kolkata Knight Riders,Delhi Daredevils,field
14,2018,Mumbai Indians,Royal Challengers Bangalore,Normal,Mumbai Indians,Royal Challengers Bangalore,field
15,2018,Rajasthan Royals,Kolkata Knight Riders,Normal,Kolkata Knight Riders,Kolkata Knight Riders,field
16,2018,Kings XI Punjab,Sunrisers Hyderabad,Normal,Kings XI Punjab,Kings XI Punjab,bat
17,2018,Chennai Super Kings,Rajasthan Royals,Normal,Chennai Super Kings,Rajasthan Royals,field
18,2018,Kolkata Knight Riders,Kings XI Punjab,Normal,Kings XI Punjab,Kings XI Punjab,field
19,2018,Royal Challengers Bangalore,Delhi Capitals,Normal,Royal Challengers Bangalore,Royal Challengers Bangalore,field
20,2018,Sunrisers Hyderabad,Chennai Super Kings,Normal,Chennai Super Kings,Sunrisers Hyderabad,field
21,2018,Rajasthan Royals,Mumbai Indians,Normal,Rajasthan Royals,Mumbai Indians,bat
22,2018,Delhi Capitals,Kings XI Punjab,Normal,Kings XI Punjab,Delhi Daredevils,field
23,2018,Mumbai Indians,Sunrisers Hyderabad,Normal,Sunrisers Hyderabad,Mumbai Indians,field
24,2018,Royal Challengers Bangalore,Chennai Super Kings,Normal,Chennai Super Kings,Chennai Super Kings,field
25,2018,Sunrisers Hyderabad,Kings XI Punjab,Normal,Sunrisers Hyderabad,Kings XI Punjab,field
26,2018,Delhi Capitals,Kolkata Knight Riders,Normal,Delhi Capitals,Kolkata Knight Riders,field
27,2018,Chennai Super Kings,Mumbai Indians,Normal,Mumbai Indians,Mumbai Indians,field
28,2018,Rajasthan Royals,Sunrisers Hyderabad,Normal,Sunrisers Hyderabad,Sunrisers Hyderabad,bat
29,2018,Royal Challengers Bangalore,Kolkata Knight Riders,Normal,Kolkata Knight Riders,Kolkata Knight Riders,field
30,2018,Chennai Super Kings,Delhi Capitals,Normal,Chennai Super Kings,Delhi Daredevils,field
31,2018,Royal Challengers Bangalore,Mumbai Indians,Normal,Royal Challengers Bangalore,Mumbai Indians,field
32,2018,Delhi Capitals,Rajasthan Royals,Normal,Delhi Capitals,Rajasthan Royals,field
33,2018,Kolkata Knight Riders,Chennai Super Kings,Normal,Kolkata Knight Riders,Kolkata Knight Riders,field
34,2018,Kings XI Punjab,Mumbai Indians,Normal,Mumbai Indians,Mumbai Indians,field
35,2018,Chennai Super Kings,Royal Challengers Bangalore,Normal,Chennai Super Kings,Chennai Super Kings,field
36,2018,Sunrisers Hyderabad,Delhi Capitals,Normal,Sunrisers Hyderabad,Delhi Daredevils,bat
37,2018,Mumbai Indians,Kolkata Knight Riders,Normal,Mumbai Indians,Kolkata Knight Riders,field
38,2018,Kings XI Punjab,Rajasthan Royals,Normal,Kings XI Punjab,Kings XI Punjab,field
39,2018,Sunrisers Hyderabad,Royal Challengers Bangalore,Normal,Sunrisers Hyderabad,Royal Challengers Bangalore,field
40,2018,Rajasthan Royals,Kings XI Punjab,Normal,Rajasthan Royals,Rajasthan Royals,bat
41,2018,Kolkata Knight Riders,Mumbai Indians,Normal,Mumbai Indians,Kolkata Knight Riders,field
42,2018,Delhi Capitals,Sunrisers Hyderabad,Normal,Sunrisers Hyderabad,Delhi Daredevils,bat
43,2018,Rajasthan Royals,Chennai Super Kings,Normal,Rajasthan Royals,Chennai Super Kings,bat
44,2018,Kings XI Punjab,Kolkata Knight Riders,Normal,Kolkata Knight Riders,Kings XI Punjab,field
45,2018,Delhi Capitals,Royal Challengers Bangalore,Normal,Royal Challengers Bangalore,Royal Challengers Bangalore,field
46,2018,Chennai Super Kings,Sunrisers Hyderabad,Normal,Chennai Super Kings,Chennai Super Kings,field
47,2018,Mumbai Indians,Rajasthan Royals,Normal,Rajasthan Royals,Rajasthan Royals,field
48,2018,Kings XI Punjab,Royal Challengers Bangalore,Normal,Royal Challengers Bangalore,Royal Challengers Bangalore,field
49,2018,Kolkata Knight Riders,Rajasthan Royals,Normal,Kolkata Knight Riders,Kolkata Knight Riders,field
50,2018,Mumbai Indians,Kings XI Punjab,Normal,Mumbai Indians,Kings XI Punjab,field
51,2018,Royal Challengers Bangalore,Sunrisers Hyderabad,Normal,Royal Challengers Bangalore,Sunrisers Hyderabad,field
52,2018,Delhi Capitals,Chennai Super Kings,Normal,Delhi Capitals,Chennai Super Kings,field
53,2018,Rajasthan Royals,Royal Challengers Bangalore,Normal,Rajasthan Royals,Rajasthan Royals,bat
54,2018,Sunrisers Hyderabad,Kolkata Knight Riders,Normal,Kolkata Knight Riders,Sunrisers Hyderabad,bat
55,2018,Delhi Capitals,Mumbai Indians,Normal,Delhi Capitals,Delhi Daredevils,bat
56,2018,Chennai Super Kings,Kings XI Punjab,Normal,Chennai Super Kings,Chennai Super Kings,field
57,2018,Sunrisers Hyderabad,Chennai Super Kings,Normal,Chennai Super Kings,Chennai Super Kings,field
58,2018,Kolkata Knight Riders,Rajasthan Royals,Normal,Kolkata Knight Riders,Rajasthan Royals,field
59,2018,Sunrisers Hyderabad,Kolkata Knight Riders,Normal,Sunrisers Hyderabad,Kolkata Knight Riders,field
60,2018,Chennai Super Kings,Sunrisers Hyderabad,Normal,Chennai Super Kings,Chennai Super Kings ,field
61,2017,Sunrisers Hyderabad,Royal Challengers Bangalore,Normal,Sunrisers Hyderabad,Royal Challengers Bangalore,field
62,2017,Rising Pune Supergiant,Mumbai Indians,Normal,Rising Pune Supergiant,Rising Pune Supergiant,field
63,2017,Gujarat Lions,Kolkata Knight Riders,Normal,Kolkata Knight Riders,Kolkata Knight Riders,field
64,2017,Kings XI Punjab,Rising Pune Supergiant,Normal,Kings XI Punjab,Kings XI Punjab,field
65,2017,Royal Challengers Bangalore,Delhi Capitals,Normal,Royal Challengers Bangalore,Royal Challengers Bangalore,bat
66,2017,Sunrisers Hyderabad,Gujarat Lions,Normal,Sunrisers Hyderabad,Sunrisers Hyderabad,field
67,2017,Mumbai Indians,Kolkata Knight Riders,Normal,Mumbai Indians,Mumbai Indians,field
68,2017,Kings XI Punjab,Royal Challengers Bangalore,Normal,Kings XI Punjab,Royal Challengers Bangalore,bat
69,2017,Rising Pune Supergiant,Delhi Capitals,Normal,Delhi Capitals,Rising Pune Supergiant,field
70,2017,Mumbai Indians,Sunrisers Hyderabad,Normal,Mumbai Indians,Mumbai Indians,field
71,2017,Kolkata Knight Riders,Kings XI Punjab,Normal,Kolkata Knight Riders,Kolkata Knight Riders,field
72,2017,Royal Challengers Bangalore,Mumbai Indians,Normal,Mumbai Indians,Mumbai Indians,field
73,2017,Gujarat Lions,Rising Pune Supergiant,Normal,Gujarat Lions,Gujarat Lions,field
74,2017,Kolkata Knight Riders,Sunrisers Hyderabad,Normal,Kolkata Knight Riders,Sunrisers Hyderabad,field
75,2017,Delhi Capitals,Kings XI Punjab,Normal,Delhi Capitals,Delhi Daredevils,bat
76,2017,Mumbai Indians,Gujarat Lions,Normal,Mumbai Indians,Mumbai Indians,field
77,2017,Royal Challengers Bangalore,Rising Pune Supergiant,Normal,Rising Pune Supergiant,Royal Challengers Bangalore,field
78,2017,Delhi Capitals,Kolkata Knight Riders,Normal,Kolkata Knight Riders,Delhi Daredevils,bat
79,2017,Sunrisers Hyderabad,Kings XI Punjab,Normal,Sunrisers Hyderabad,Kings XI Punjab,field
80,2017,Gujarat Lions,Royal Challengers Bangalore,Normal,Royal Challengers Bangalore,Gujarat Lions,field
81,2017,Sunrisers Hyderabad,Delhi Capitals,Normal,Sunrisers Hyderabad,Sunrisers Hyderabad,bat
82,2017,Kings XI Punjab,Mumbai Indians,Normal,Mumbai Indians,Mumbai Indians,field
83,2017,Kolkata Knight Riders,Gujarat Lions,Normal,Gujarat Lions,Gujarat Lions,field
84,2017,Rising Pune Supergiant,Sunrisers Hyderabad,Normal,Rising Pune Supergiant,Rising Pune Supergiant,field
85,2017,Mumbai Indians,Delhi Capitals,Normal,Mumbai Indians,Delhi Daredevils,field
86,2017,Gujarat Lions,Kings XI Punjab,Normal,Kings XI Punjab,Gujarat Lions,field
87,2017,Kolkata Knight Riders,Royal Challengers Bangalore,Normal,Kolkata Knight Riders,Royal Challengers Bangalore,field
88,2017,Mumbai Indians,Rising Pune Supergiant,Normal,Rising Pune Supergiant,Mumbai Indians,field
89,2017,Royal Challengers Bangalore,Sunrisers Hyderabad,NaN,NaN,NaN,NaN
90,2017,Rising Pune Supergiant,Kolkata Knight Riders,Normal,Kolkata Knight Riders,KKR,field
91,2017,Royal Challengers Bangalore,Gujarat Lions,Normal,Gujarat Lions,Gujarat Lions,field
92,2017,Kolkata Knight Riders,Delhi Capitals,Normal,Kolkata Knight Riders,Kolkata Knight Riders,field
93,2017,Kings XI Punjab,Sunrisers Hyderabad,Normal,Sunrisers Hyderabad,KXIP,field
94,2017,Rising Pune Supergiant,Royal Challengers Bangalore,Normal,Rising Pune Supergiant,Royal Challengers Bangalore,field
95,2017,Gujarat Lions,Mumbai Indians,Normal,Mumbai Indians,Gujarat Lions,bat
96,2017,Kings XI Punjab,Delhi Capitals,Normal,Kings XI Punjab,Kings XI Punjab,field
97,2017,Sunrisers Hyderabad,Kolkata Knight Riders,Normal,Sunrisers Hyderabad,Kolkata Knight Riders,field
98,2017,Mumbai Indians,Royal Challengers Bangalore,Normal,Mumbai Indians,Royal Challengers Bangalore,bat
99,2017,Rising Pune Supergiant,Gujarat Lions,Normal,Rising Pune Supergiant,Rising Pune Supergiant,field
100,2017,Delhi Capitals,Sunrisers Hyderabad,Normal,Delhi Capitals,Delhi Daredevils,field
101,2017,Kolkata Knight Riders,Rising Pune Supergiant,Normal,Rising Pune Supergiant,RPS,field
102,2017,Delhi Capitals,Gujarat Lions,Normal,Delhi Capitals,Delhi Daredevils,field
103,2017,Royal Challengers Bangalore,Kings XI Punjab,Normal,Kings XI Punjab,RCB,field
104,2017,Sunrisers Hyderabad,Rising Pune Supergiant,Normal,Rising Pune Supergiant,Sunrisers Hyderabad,field
105,2017,Delhi Capitals,Mumbai Indians,Normal,Mumbai Indians,Delhi Daredevils,field
106,2017,Royal Challengers Bangalore,Kolkata Knight Riders,Normal,Kolkata Knight Riders,Kolkata Knight Riders,field
107,2017,Kings XI Punjab,Gujarat Lions,Normal,Gujarat Lions,Gujarat Lions,field
108,2017,Sunrisers Hyderabad,Mumbai Indians,Normal,Sunrisers Hyderabad,Mumbai Indians,bat
109,2017,Kings XI Punjab,Kolkata Knight Riders,Normal,Kings XI Punjab,Kolkata Knight Riders,field
110,2017,Gujarat Lions,Delhi Capitals,Normal,Delhi Capitals,DD,field
111,2017,Mumbai Indians,Kings XI Punjab,Normal,Kings XI Punjab,Mumbai Indians,field
112,2017,Delhi Capitals,Rising Pune Supergiant,Normal,Delhi Capitals,DD,bat
113,2017,Gujarat Lions,Sunrisers Hyderabad,Normal,Sunrisers Hyderabad,Sunrisers Hyderabad,field
114,2017,Kolkata Knight Riders,Mumbai Indians,Normal,Mumbai Indians,Kolkata Knight Riders,field
115,2017,Rising Pune Supergiant,Kings XI Punjab,Normal,Rising Pune Supergiant,Rising Pune Supergiant,field
116,2017,Delhi Capitals,Royal Challengers Bangalore,Normal,Royal Challengers Bangalore,Royal Challengers Bangalore,bat
117,2017,Mumbai Indians,Rising Pune Supergiant,Normal,Rising Pune Supergiant,Mumbai Indians,field
118,2017,Sunrisers Hyderabad,Kolkata Knight Riders,Normal,Kolkata Knight Riders,Kolkata Knight Riders,field
119,2017,Mumbai Indians,Kolkata Knight Riders,Normal,Mumbai Indians,Mumbai Indians,field
120,2017,Rising Pune Supergiant,Mumbai Indians,Normal,Mumbai Indians,MI,bat
121,2016,Mumbai Indians,Rising Pune Supergiant,Normal,Rising Pune Supergiant,Mumbai Indians,bat
122,2016,Kolkata Knight Riders,Delhi Capitals,Normal,Kolkata Knight Riders,Kolkata Knight Riders,field
123,2016,Kings XI Punjab,Gujarat Lions,Normal,Gujarat Lions,Gujarat Lions,field
124,2016,Royal Challengers Bangalore,Sunrisers Hyderabad,Normal,Royal Challengers Bangalore,Sunrisers Hyderabad,field
125,2016,Kolkata Knight Riders,Mumbai Indians,Normal,Mumbai Indians,Mumbai Indians,field
126,2016,Gujarat Lions,Rising Pune Supergiant,Normal,Gujarat Lions,Rising Pune Supergiants,bat
127,2016,Delhi Capitals,Kings XI Punjab,Normal,Delhi Capitals,Delhi Daredevils,field
128,2016,Sunrisers Hyderabad,Kolkata Knight Riders,Normal,Kolkata Knight Riders,Sunrisers Hyderabad,bat
129,2016,Mumbai Indians,Gujarat Lions,Normal,Gujarat Lions,Gujarat Lions,field
130,2016,Kings XI Punjab,Rising Pune Supergiant,Normal,Kings XI Punjab,Rising Pune Supergiants,bat
131,2016,Royal Challengers Bangalore,Delhi Capitals,Normal,Delhi Capitals,Dehli Daredevils,field
132,2016,Sunrisers Hyderabad,Mumbai Indians,Normal,Sunrisers Hyderabad,Sunrisers Hyderabad,field
133,2016,Kings XI Punjab,Kolkata Knight Riders,Normal,Kolkata Knight Riders,Kolkata Knight Riders,field
134,2016,Mumbai Indians,Royal Challengers Bangalore,Normal,Mumbai Indians,Mumbai Indians,field
135,2016,Gujarat Lions,Sunrisers Hyderabad,Normal,Sunrisers Hyderabad,Sunrisers Hyderabad,field
136,2016,Rising Pune Supergiant,Royal Challengers Bangalore,Normal,Royal Challengers Bangalore,Rising Pune Supergiants,field
137,2016,Delhi Capitals,Mumbai Indians,Normal,Delhi Capitals,Mumbai Indians,field
138,2016,Sunrisers Hyderabad,Kings XI Punjab,Normal,Sunrisers Hyderabad,Sunrisers Hyderabad,field
139,2016,Gujarat Lions,Royal Challengers Bangalore,Normal,Gujarat Lions,Royal Challengers Bangalore,bat
140,2016,Rising Pune Supergiant,Kolkata Knight Riders,Normal,Kolkata Knight Riders,Kolkata Knights Riders,field
141,2016,Kings XI Punjab,Mumbai Indians,Normal,Mumbai Indians,Kings XI Punjab,field
142,2016,Sunrisers Hyderabad,Rising Pune Supergiant,Normal,Rising Pune Supergiant,Rising Pune Supergiants,field
143,2016,Delhi Capitals,Gujarat Lions,Normal,Gujarat Lions,Dehli Daredevils,field
144,2016,Mumbai Indians,Kolkata Knight Riders,Normal,Mumbai Indians,Mumbai Indians,field
145,2016,Rising Pune Supergiant,Gujarat Lions,Normal,Gujarat Lions,Gujarat Lions,field
146,2016,Delhi Capitals,Kolkata Knight Riders,Normal,Delhi Capitals,Kolkata Knight Riders,field
147,2016,Sunrisers Hyderabad,Royal Challengers Bangalore,Normal,Sunrisers Hyderabad,Royal Challlengers Bangalore,field
148,2016,Gujarat Lions,Kings XI Punjab,Normal,Kings XI Punjab,Gujarat Lions,field
149,2016,Rising Pune Supergiant,Mumbai Indians,Normal,Mumbai Indians,Mumbai Indians,field
150,2016,Royal Challengers Bangalore,Kolkata Knight Riders,Normal,Kolkata Knight Riders,Kolkata Knight Riders,field
151,2016,Gujarat Lions,Delhi Capitals,Normal,Delhi Capitals,Delhi Daredevils,field
152,2016,Kolkata Knight Riders,Kings XI Punjab,Normal,Kolkata Knight Riders,Kings XI Punjab,field
153,2016,Delhi Capitals,Rising Pune Supergiant,Normal,Rising Pune Supergiant,Rising Pune Supergiants,field
154,2016,Sunrisers Hyderabad,Gujarat Lions,Normal,Sunrisers Hyderabad,Sunrisers Hyderabad,field
155,2016,Royal Challengers Bangalore,Rising Pune Supergiant,Normal,Royal Challengers Bangalore,Royal Challengers Bangalore,field
156,2016,Kings XI Punjab,Delhi Capitals,Normal,Kings XI Punjab,Delhi Daredevils,field
157,2016,Mumbai Indians,Sunrisers Hyderabad,Normal,Sunrisers Hyderabad,Mumbai Indians,field
158,2016,Kolkata Knight Riders,Gujarat Lions,Normal,Gujarat Lions,Gujarat Lions,field
159,2016,Kings XI Punjab,Royal Challengers Bangalore,Normal,Royal Challengers Bangalore,Kings XI Punjab,field
160,2016,Rising Pune Supergiant,Sunrisers Hyderabad,Normal,Sunrisers Hyderabad,Sunrisers Hyderabad,bat
161,2016,Royal Challengers Bangalore,Mumbai Indians,Normal,Mumbai Indians,Mumbai Indians,field
162,2016,Sunrisers Hyderabad,Delhi Capitals,Normal,Delhi Capitals,Delhi Daredevils,field
163,2016,Mumbai Indians,Kings XI Punjab,Normal,Kings XI Punjab,Mumbai Indians,bat
164,2016,Royal Challengers Bangalore,Gujarat Lions,Normal,Royal Challengers Bangalore,Gujarat Lions,field
165,2016,Kolkata Knight Riders,Rising Pune Supergiant,Normal,Kolkata Knight Riders,Rising Pune Supergiants,bat
166,2016,Kings XI Punjab,Sunrisers Hyderabad,Normal,Sunrisers Hyderabad,Kings XI Punjab,bat
167,2016,Mumbai Indians,Delhi Capitals,Normal,Mumbai Indians,Delhi Daredevils,field
168,2016,Kolkata Knight Riders,Royal Challengers Bangalore,Normal,Royal Challengers Bangalore,Royal Challengers Bangalore,field
169,2016,Rising Pune Supergiant,Delhi Capitals,Normal,Rising Pune Supergiant,Rising Pune Supergiants,field
170,2016,Royal Challengers Bangalore,Kings XI Punjab,Normal,Royal Challengers Bangalore,Kings XI Punjab,field
171,2016,Gujarat Lions,Kolkata Knight Riders,Normal,Gujarat Lions,Gujarat Lions,field
172,2016,Delhi Capitals,Sunrisers Hyderabad,Normal,Delhi Capitals,Delhi Daredevils,field
173,2016,Rising Pune Supergiant,Kings XI Punjab,Normal,Rising Pune Supergiant,Kings XI Punjab,bat
174,2016,Gujarat Lions,Mumbai Indians,Normal,Gujarat Lions,Gujarat Lions,field
175,2016,Kolkata Knight Riders,Sunrisers Hyderabad,Normal,Kolkata Knight Riders,Sunrisers Hyderabad,field
176,2016,Delhi Capitals,Royal Challengers Bangalore,Normal,Royal Challengers Bangalore,Royal Challengers Bangalore,field
177,2016,Gujarat Lions,Royal Challengers Bangalore,Normal,Royal Challengers Bangalore,Royal Challengers Bangalore,field
178,2016,Sunrisers Hyderabad,Kolkata Knight Riders,Normal,Sunrisers Hyderabad,Kolkata Knight Riders,field
179,2016,Gujarat Lions,Sunrisers Hyderabad,Normal,Sunrisers Hyderabad,Sunrisers Hyderabad,field
180,2016,Royal Challengers Bangalore,Sunrisers Hyderabad,Normal,Sunrisers Hyderabad,Sunrisers Hyderabad,bat
181,2015,Kolkata Knight Riders,Mumbai Indians,Normal,Kolkata Knight Riders,Kolkata Knight Riders,field
182,2015,Chennai Super Kings,Delhi Capitals,Normal,Chennai Super Kings,Dehli Daredevils,field
183,2015,Kings XI Punjab,Rajasthan Royals,Normal,Rajasthan Royals,Kings XI Punjab,field
184,2015,Chennai Super Kings,Sunrisers Hyderabad,Normal,Chennai Super Kings,Chennai Super Kings,bat
185,2015,Kolkata Knight Riders,Royal Challengers Bangalore,Normal,Royal Challengers Bangalore,Royal Challengers Bangalore,field
186,2015,Delhi Capitals,Rajasthan Royals,Normal,Rajasthan Royals,Rajasthan Royals,field
187,2015,Mumbai Indians,Kings XI Punjab,Normal,Kings XI Punjab,Mumbai Indians,field
188,2015,Royal Challengers Bangalore,Sunrisers Hyderabad,Normal,Sunrisers Hyderabad,Sunrisers Hyderabad,field
189,2015,Rajasthan Royals,Mumbai Indians,Normal,Rajasthan Royals,Mumbai Indians,bat
190,2015,Kings XI Punjab,Delhi Capitals,Normal,Delhi Capitals,Kings XI Punjab,bat
191,2015,Sunrisers Hyderabad,Rajasthan Royals,Normal,Rajasthan Royals,Rajasthan Royals,field
192,2015,Mumbai Indians,Chennai Super Kings,Normal,Chennai Super Kings,Mumbai Indians ,bat
193,2015,Sunrisers Hyderabad,Delhi Capitals,Normal,Delhi Capitals,Delhi Daredevils,bat
194,2015,Kings XI Punjab,Kolkata Knight Riders,Normal,Kolkata Knight Riders,Kolkata Knight Riders,field
195,2015,Rajasthan Royals,Chennai Super Kings,Normal,Rajasthan Royals,Chennai Super Kings,bat
196,2015,Royal Challengers Bangalore,Mumbai Indians,Normal,Mumbai Indians,Royal Challengers Bangalore,field
197,2015,Delhi Capitals,Kolkata Knight Riders,Normal,Kolkata Knight Riders,Kolkata Knight Riders,field
198,2015,Rajasthan Royals,Kings XI Punjab,Tied,Kings XI Punjab,Kings XI Punjab,field
199,2015,Sunrisers Hyderabad,Kolkata Knight Riders,Normal,Sunrisers Hyderabad,Kolkata Knight Riders,field
200,2015,Royal Challengers Bangalore,Chennai Super Kings,Normal,Chennai Super Kings,Royal Challengers Bangalore,field
201,2015,Delhi Capitals,Mumbai Indians,Normal,Delhi Capitals,Mumbai Indians,field
202,2015,Rajasthan Royals,Royal Challengers Bangalore,Normal,Royal Challengers Bangalore,Royal Challengers Bangalore,field
203,2015,Mumbai Indians,Sunrisers Hyderabad,Normal,Mumbai Indians,Mumbai Indians,bat
204,2015,Chennai Super Kings,Kings XI Punjab,Normal,Chennai Super Kings,Chennai Super Kings,bat
205,2015,Kolkata Knight Riders,Rajasthan Royals,NaN,NaN,NaN,NaN
206,2015,Delhi Capitals,Royal Challengers Bangalore,Normal,Royal Challengers Bangalore,Royal Challengers Bangalore,field
207,2015,Kings XI Punjab,Sunrisers Hyderabad,Normal,Sunrisers Hyderabad,Kings XI Punjab,field
208,2015,Chennai Super Kings,Kolkata Knight Riders,Normal,Chennai Super Kings,Kolkata Knight Riders,field
209,2015,Royal Challengers Bangalore,Rajasthan Royals,NaN,NaN,Rajasthan Royals,field
210,2015,Kolkata Knight Riders,Chennai Super Kings,Normal,Kolkata Knight Riders,Kolkata Knight Riders,field
211,2015,Delhi Capitals,Kings XI Punjab,Normal,Delhi Capitals,Delhi Daredevils,field
212,2015,Mumbai Indians,Rajasthan Royals,Normal,Mumbai Indians,Rajasthan Royals,field
213,2015,Royal Challengers Bangalore,Kolkata Knight Riders,Normal,Royal Challengers Bangalore,Royal Challengers Bangalore,field
214,2015,Sunrisers Hyderabad,Chennai Super Kings,Normal,Sunrisers Hyderabad,Chennai Super Kings,field
215,2015,Kings XI Punjab,Mumbai Indians,Normal,Mumbai Indians,Mumbai Indians,bat
216,2015,Rajasthan Royals,Delhi Capitals,Normal,Rajasthan Royals,Delhi Daredevils,field
217,2015,Chennai Super Kings,Royal Challengers Bangalore,Normal,Chennai Super Kings,Chennai Super Kings,bat
218,2015,Kolkata Knight Riders,Sunrisers Hyderabad,Normal,Kolkata Knight Riders,Sunrisers Hyderabad,field
219,2015,Mumbai Indians,Delhi Capitals,Normal,Mumbai Indians,Delhi Daredevils,bat
220,2015,Royal Challengers Bangalore,Kings XI Punjab,Normal,Royal Challengers Bangalore,Kings XI Punjab,field
221,2015,Rajasthan Royals,Sunrisers Hyderabad,Normal,Sunrisers Hyderabad,Rajasthan Royals,field
222,2015,Kolkata Knight Riders,Delhi Capitals,Normal,Kolkata Knight Riders,Kolkata Knight Riders,bat
223,2015,Chennai Super Kings,Mumbai Indians,Normal,Mumbai Indians,Chennai Super Kings,bat
224,2015,Kolkata Knight Riders,Kings XI Punjab,Normal,Kolkata Knight Riders,Kings XI Punjab,bat
225,2015,Delhi Capitals,Sunrisers Hyderabad,Normal,Sunrisers Hyderabad,Sunrisers Hyderabad,bat
226,2015,Mumbai Indians,Royal Challengers Bangalore,Normal,Royal Challengers Bangalore,Royal Challengers Bangalore,bat
227,2015,Chennai Super Kings,Rajasthan Royals,Normal,Chennai Super Kings,Chennai Super Kings,bat
228,2015,Sunrisers Hyderabad,Kings XI Punjab,Normal,Sunrisers Hyderabad,Sunrisers Hyderabad,bat
229,2015,Delhi Capitals,Chennai Super Kings,Normal,Delhi Capitals,Chennai Super Kings,bat
230,2015,Kings XI Punjab,Royal Challengers Bangalore,Normal,Kings XI Punjab,Royal Challengers Bangalore,field
231,2015,Mumbai Indians,Kolkata Knight Riders,Normal,Mumbai Indians,Kolkata Knight Riders ,field
232,2015,Sunrisers Hyderabad,Royal Challengers Bangalore,Normal,Royal Challengers Bangalore,Sunrisers Hyderabad,bat
233,2015,Kings XI Punjab,Chennai Super Kings,Normal,Chennai Super Kings,Kings XI Punjab,bat
234,2015,Rajasthan Royals,Kolkata Knight Riders,Normal,Rajasthan Royals,Rajasthan Royals,bat
235,2015,Royal Challengers Bangalore,Delhi Capitals,NaN,NaN,Royal Challengers Bangalore,field
236,2015,Sunrisers Hyderabad,Mumbai Indians,Normal,Mumbai Indians,Sunrisers Hyderabad,bat
237,2015,Chennai Super Kings,Mumbai Indians,Normal,Mumbai Indians,Mumbai Indians,bat
238,2015,Royal Challengers Bangalore,Rajasthan Royals,Normal,Royal Challengers Bangalore,Royal Challengers Bangalore,bat
239,2015,Chennai Super Kings,Royal Challengers Bangalore,Normal,Chennai Super Kings,Chennai Super Kings,field
240,2015,Mumbai Indians,Chennai Super Kings,Normal,Mumbai Indians,Chennai Super Kings,field
241,2014,Mumbai Indians,Kolkata Knight Riders,Normal,Kolkata Knight Riders,Kolkata Knight Riders,bat
242,2014,Delhi Capitals,Royal Challengers Bangalore,Normal,Royal Challengers Bangalore,Royal Challengers Bangalore,field
243,2014,Chennai Super Kings,Kings XI Punjab,Normal,Kings XI Punjab,Chennai Super Kings,bat
244,2014,Sunrisers Hyderabad,Rajasthan Royals,Normal,Rajasthan Royals,Rajasthan Royals,field
245,2014,Royal Challengers Bangalore,Mumbai Indians,Normal,Royal Challengers Bangalore,Royal Challengers Bangalore,field
246,2014,Kolkata Knight Riders,Delhi Capitals,Normal,Delhi Capitals,Kolkata Knight Riders,bat
247,2014,Rajasthan Royals,Kings XI Punjab,Normal,Kings XI Punjab,Kings XI Punjab,field
248,2014,Chennai Super Kings,Delhi Capitals,Normal,Chennai Super Kings,Chennai Super Kings,bat
249,2014,Kings XI Punjab,Sunrisers Hyderabad,Normal,Kings XI Punjab,Sunrisers Hyderabad,field
250,2014,Rajasthan Royals,Chennai Super Kings,Normal,Chennai Super Kings,Rajasthan Royals,field
251,2014,Royal Challengers Bangalore,Kolkata Knight Riders,Normal,Kolkata Knight Riders,Royal Challengers Bangalore,field
252,2014,Sunrisers Hyderabad,Delhi Capitals,Normal,Sunrisers Hyderabad,Sunrisers Hyderabad,bat
253,2014,Chennai Super Kings,Mumbai Indians,Normal,Chennai Super Kings,Mumbai Indians,bat
254,2014,Rajasthan Royals,Royal Challengers Bangalore,Normal,Rajasthan Royals,Rajasthan Royals,field
255,2014,Kolkata Knight Riders,Kings XI Punjab,Normal,Kings XI Punjab,Kolkata Knight Riders,field
256,2014,Delhi Capitals,Mumbai Indians,Normal,Delhi Capitals,Mumbai Indians,bat
257,2014,Sunrisers Hyderabad,Chennai Super Kings,Normal,Chennai Super Kings,Sunrisers Hyderabad,bat
258,2014,Kings XI Punjab,Royal Challengers Bangalore,Normal,Kings XI Punjab,Kings XI Punjab,field
259,2014,Kolkata Knight Riders,Rajasthan Royals,Tied,Rajasthan Royals,Rajasthan Royals,bat
260,2014,Mumbai Indians,Sunrisers Hyderabad,Normal,Sunrisers Hyderabad,Mumbai Indians,field
261,2014,Chennai Super Kings,Kolkata Knight Riders,Normal,Chennai Super Kings,Chennai Super Kings,bat
262,2014,Mumbai Indians,Kings XI Punjab,Normal,Mumbai Indians,Kings XI Punjab,bat
263,2014,Delhi Capitals,Rajasthan Royals,Normal,Rajasthan Royals,Rajasthan Royals,field
264,2014,Royal Challengers Bangalore,Sunrisers Hyderabad,Normal,Royal Challengers Bangalore,Royal Challengers Bangalore,field
265,2014,Rajasthan Royals,Kolkata Knight Riders,Normal,Rajasthan Royals,Kolkata Knight Riders,field
266,2014,Delhi Capitals,Chennai Super Kings,Normal,Chennai Super Kings,Chennai Super Kings,field
267,2014,Mumbai Indians,Royal Challengers Bangalore,Normal,Mumbai Indians,Royal Challengers Bangalore,field
268,2014,Delhi Capitals,Kolkata Knight Riders,Normal,Kolkata Knight Riders,Delhi Daredevils,bat
269,2014,Rajasthan Royals,Sunrisers Hyderabad,Normal,Sunrisers Hyderabad,Rajasthan Royals,field
270,2014,Royal Challengers Bangalore,Kings XI Punjab,Normal,Kings XI Punjab,Royal Challengers Bangalore,field
271,2014,Delhi Capitals,Sunrisers Hyderabad,Normal,Sunrisers Hyderabad,Sunrisers Hyderabad,field
272,2014,Mumbai Indians,Chennai Super Kings,Normal,Chennai Super Kings,Chennai Super Kings,field
273,2014,Kings XI Punjab,Kolkata Knight Riders,Normal,Kolkata Knight Riders,Kolkata Knight Riders,field
274,2014,Kings XI Punjab,Chennai Super Kings,Normal,Kings XI Punjab,Chennai Super Kings,field
275,2014,Royal Challengers Bangalore,Rajasthan Royals,Normal,Rajasthan Royals,Royal Challengers Bangalore,bat
276,2014,Sunrisers Hyderabad,Mumbai Indians,Normal,Mumbai Indians,Sunrisers Hyderabad,bat
277,2014,Chennai Super Kings,Rajasthan Royals,Normal,Chennai Super Kings,Rajasthan Royals,bat
278,2014,Royal Challengers Bangalore,Delhi Capitals,Normal,Royal Challengers Bangalore,Delhi Daredevils,field
279,2014,Sunrisers Hyderabad,Kings XI Punjab,Normal,Kings XI Punjab,Kings XI Punjab,field
280,2014,Kolkata Knight Riders,Mumbai Indians,Normal,Kolkata Knight Riders,Kolkata Knight Riders,field
281,2014,Rajasthan Royals,Delhi Capitals,Normal,Rajasthan Royals,Delhi Daredevils,field
282,2014,Chennai Super Kings,Royal Challengers Bangalore,Normal,Royal Challengers Bangalore,Chennai Super Kings,bat
283,2014,Sunrisers Hyderabad,Kolkata Knight Riders,Normal,Kolkata Knight Riders,Sunrisers Hyderabad,bat
284,2014,Rajasthan Royals,Mumbai Indians,Normal,Mumbai Indians,Mumbai Indians,bat
285,2014,Delhi Capitals,Kings XI Punjab,Normal,Kings XI Punjab,Kings XI Punjab,field
286,2014,Sunrisers Hyderabad,Royal Challengers Bangalore,Normal,Sunrisers Hyderabad,Royal Challengers Bangalore,bat
287,2014,Kolkata Knight Riders,Chennai Super Kings,Normal,Kolkata Knight Riders,Kolkata Knight Riders,field
288,2014,Kings XI Punjab,Mumbai Indians,Normal,Mumbai Indians,Mumbai Indians,field
289,2014,Kolkata Knight Riders,Royal Challengers Bangalore,Normal,Kolkata Knight Riders,Royal Challengers Bangalore,field
290,2014,Chennai Super Kings,Sunrisers Hyderabad,Normal,Sunrisers Hyderabad,Sunrisers Hyderabad,field
291,2014,Mumbai Indians,Delhi Capitals,Normal,Mumbai Indians,Delhi Daredevils,field
292,2014,Kings XI Punjab,Rajasthan Royals,Normal,Kings XI Punjab,Rajasthan Royals,field
293,2014,Royal Challengers Bangalore,Chennai Super Kings,Normal,Chennai Super Kings,Chennai Super Kings,field
294,2014,Kolkata Knight Riders,Sunrisers Hyderabad,Normal,Kolkata Knight Riders,Kolkata Knight Riders,field
295,2014,Kings XI Punjab,Delhi Capitals,Normal,Kings XI Punjab,Kings XI Punjab,field
296,2014,Mumbai Indians,Rajasthan Royals,Normal,Mumbai Indians,Mumbai Indians,field
297,2014,Kings XI Punjab,Kolkata Knight Riders,Normal,Kolkata Knight Riders,Kings XI Punjab,field
298,2014,Chennai Super Kings,Mumbai Indians,Normal,Chennai Super Kings,Chennai Super Kings,field
299,2014,Kings XI Punjab,Chennai Super Kings,Normal,Kings XI Punjab,Chennai Super Kings,field
300,2014,Kings XI Punjab,Kolkata Knight Riders,Normal,Kolkata Knight Riders,Kolkata Knight Riders,field
301,2012,Chennai Super Kings,Mumbai Indians,Normal,Mumbai Indians,Mumbai Indians,field
302,2012,Kolkata Knight Riders,Delhi Capitals,Normal,Delhi Capitals,Delhi Daredevils,field
303,2012,Mumbai Indians,Pune Warriors India,Normal,Pune Warriors India,Mumbai Indians,field
304,2012,Rajasthan Royals,Kings XI Punjab,Normal,Rajasthan Royals,Kings XI,field
305,2012,Royal Challengers Bangalore,Delhi Capitals,Normal,Royal Challengers Bangalore,Delhi Daredevils,field
306,2012,Deccan Chargers,Chennai Super Kings,Normal,Chennai Super Kings,Deccan Chargers,field
307,2012,Rajasthan Royals,Kolkata Knight Riders,Normal,Rajasthan Royals,Kolkata Knight Riders,field
308,2012,Pune Warriors India,Kings XI Punjab,Normal,Pune Warriors India,Pune Warriors India,bat
309,2012,Deccan Chargers,Mumbai Indians,Normal,Mumbai Indians,Deccan Chargers,bat
310,2012,Royal Challengers Bangalore,Kolkata Knight Riders,Normal,Kolkata Knight Riders,Royal Challengers Bangalore,field
311,2012,Delhi Capitals,Chennai Super Kings,Normal,Delhi Capitals,Delhi Daredevils,field
312,2012,Mumbai Indians,Rajasthan Royals,Normal,Mumbai Indians,Rajasthan Royals,field
313,2012,Chennai Super Kings,Royal Challengers Bangalore,Normal,Chennai Super Kings,Royal Challengers Bangalore,bat
314,2012,Kings XI Punjab,Pune Warriors India,Normal,Kings XI Punjab,Kings XI Punjab,field
315,2012,Kolkata Knight Riders,Rajasthan Royals,Normal,Kolkata Knight Riders,Rajasthan Royals,bat
316,2012,Pune Warriors India,Chennai Super Kings,Normal,Pune Warriors India,Chennai Super Kings,bat
317,2012,Kolkata Knight Riders,Kings XI Punjab,Normal,Kings XI Punjab,Kolkata Knight Riders,field
318,2012,Royal Challengers Bangalore,Rajasthan Royals,Normal,Rajasthan Royals,Rajasthan Royals,bat
319,2012,Mumbai Indians,Delhi Capitals,Normal,Delhi Capitals,Delhi Daredevils,field
320,2012,Rajasthan Royals,Deccan Chargers,Normal,Rajasthan Royals,Deccan Chargers,bat
321,2012,Royal Challengers Bangalore,Pune Warriors India,Normal,Royal Challengers Bangalore,Pune Warriors India,bat
322,2012,Kings XI Punjab,Kolkata Knight Riders,Normal,Kolkata Knight Riders,Kings XI Punjab,bat
323,2012,Delhi Capitals,Deccan Chargers,Normal,Delhi Capitals,Deccan Chargers,bat
324,2012,Chennai Super Kings,Pune Warriors India,Normal,Chennai Super Kings,Pune Warriors India,field
325,2012,Kings XI Punjab,Royal Challengers Bangalore,Normal,Royal Challengers Bangalore,Royal Challengers Bangalore,field
326,2012,Chennai Super Kings,Rajasthan Royals,Normal,Chennai Super Kings,Rajasthan Royals,bat
327,2012,Delhi Capitals,Pune Warriors India,Normal,Pune Warriors India,Delhi Daredevils,field
328,2012,Mumbai Indians,Kings XI Punjab,Normal,Kings XI Punjab,Mumbai Indians,bat
329,2012,Deccan Chargers,Kolkata Knight Riders,Normal,Kolkata Knight Riders,Kolkata Knight Riders,field
330,2012,Rajasthan Royals,Royal Challengers Bangalore,Normal,Royal Challengers Bangalore,Rajasthan Royals,field
331,2012,Pune Warriors India,Delhi Capitals,Normal,Delhi Capitals,Pune Warriors,bat
332,2012,Kolkata Knight Riders,Deccan Chargers,NaN,NaN,NaN,NaN
333,2012,Kings XI Punjab,Mumbai Indians,Normal,Mumbai Indians,Kings XI Punjab,bat
334,2012,Royal Challengers Bangalore,Chennai Super Kings,NaN,NaN,Royal Challengers Bangalore,field
335,2012,Pune Warriors India,Deccan Chargers,Normal,Deccan Chargers,Deccan Chargers,bat
336,2012,Delhi Capitals,Mumbai Indians,Normal,Delhi Capitals,Mumbai Indians,field
337,2012,Chennai Super Kings,Kings XI Punjab,Normal,Kings XI Punjab,Kings XI Punjab,bat
338,2012,Kolkata Knight Riders,Royal Challengers Bangalore,Normal,Kolkata Knight Riders,Kolkata Knight Riders,bat
339,2012,Delhi Capitals,Rajasthan Royals,Normal,Delhi Capitals,Delhi Daredevils,bat
340,2012,Mumbai Indians,Deccan Chargers,Normal,Mumbai Indians,Mumbai Indians,field
341,2012,Chennai Super Kings,Kolkata Knight Riders,Normal,Kolkata Knight Riders,Chennai Super Kings,bat
342,2012,Deccan Chargers,Pune Warriors India,Normal,Deccan Chargers,Deccan Chargers,bat
343,2012,Rajasthan Royals,Delhi Capitals,Normal,Delhi Capitals,Rajasthan Royals,bat
344,2012,Royal Challengers Bangalore,Kings XI Punjab,Normal,Kings XI Punjab,Kings XI Punjab,field
345,2012,Pune Warriors India,Mumbai Indians,Normal,Mumbai Indians,Mumbai Indians,bat
346,2012,Chennai Super Kings,Deccan Chargers,Normal,Chennai Super Kings,Chennai Super Kings,bat
347,2012,Kolkata Knight Riders,Pune Warriors India,Normal,Kolkata Knight Riders,Kolkata Knight Riders,bat
348,2012,Kings XI Punjab,Rajasthan Royals,Normal,Rajasthan Royals,Rajastan Royals,bat
349,2012,Mumbai Indians,Chennai Super Kings,Normal,Mumbai Indians,Mumbai Indians,field
350,2012,Royal Challengers Bangalore,Deccan Chargers,Normal,Royal Challengers Bangalore,Royal Challengers Bangalore,field
351,2012,Delhi Capitals,Kolkata Knight Riders,Normal,Kolkata Knight Riders,Delhi Daredevils,bat
352,2012,Pune Warriors India,Rajasthan Royals,Normal,Rajasthan Royals,Pune Warriors India,bat
353,2012,Deccan Chargers,Kings XI Punjab,Normal,Kings XI Punjab,Deccan Charger,field
354,2012,Mumbai Indians,Royal Challengers Bangalore,Normal,Royal Challengers Bangalore,Royal Challengers Bangalore,field
355,2012,Deccan Chargers,Delhi Capitals,Normal,Delhi Capitals,Deccan Chargers,bat
356,2012,Rajasthan Royals,Chennai Super Kings,Normal,Chennai Super Kings,Chennai Super Kings,field
357,2012,Pune Warriors India,Royal Challengers Bangalore,Normal,Royal Challengers Bangalore,Pune Warriors India win the toss and field,field
358,2012,Kolkata Knight Riders,Mumbai Indians,Normal,Mumbai Indians,Mumbai Indians,bat
359,2012,Chennai Super Kings,Delhi Capitals,Normal,Chennai Super Kings,Chennai Super Kings,field
360,2012,Rajasthan Royals,Pune Warriors India,Normal,Rajasthan Royals,Rajasthan Royals,bat
361,2012,Kings XI Punjab,Deccan Chargers,Normal,Kings XI Punjab,Deccan Chargers,bat
362,2012,Royal Challengers Bangalore,Mumbai Indians,Normal,Mumbai Indians,Mumbai Indians,field
363,2012,Kolkata Knight Riders,Chennai Super Kings,Normal,Chennai Super Kings,Chennai Super Kings,field
364,2012,Delhi Capitals,Kings XI Punjab,Normal,Delhi Capitals,Kings XI Punjab,bat
365,2012,Mumbai Indians,Kolkata Knight Riders,Normal,Kolkata Knight Riders,Mumbai Indians,field
366,2012,Kings XI Punjab,Chennai Super Kings,Normal,Kings XI Punjab,Kings XI Punjab,field
367,2012,Delhi Capitals,Royal Challengers Bangalore,Normal,Royal Challengers Bangalore,Delhi Daredevils,field
368,2012,Deccan Chargers,Rajasthan Royals,Normal,Deccan Chargers,Rajasthan Royals,bat
369,2012,Kings XI Punjab,Delhi Capitals,Normal,Delhi Capitals,Delhi Daredevils,field
370,2012,Pune Warriors India,Kolkata Knight Riders,Normal,Kolkata Knight Riders,Kolkata Knight Riders,bat
371,2012,Deccan Chargers,Royal Challengers Bangalore,Normal,Deccan Chargers,Royal Challengers Bangalore,field
372,2012,Rajasthan Royals,Mumbai Indians,Normal,Mumbai Indians,Rajasthan Royals,bat
373,2012,Delhi Capitals,Kolkata Knight Riders,Normal,Kolkata Knight Riders,Kolkata Knight Rider,bat
374,2012,Mumbai Indians,Chennai Super Kings,Normal,Chennai Super Kings,Mumbai Indians,field
375,2012,Chennai Super Kings,Delhi Capitals,Normal,Chennai Super Kings,Delhi Daredevils,field
376,2012,Kolkata Knight Riders,Chennai Super Kings,Normal,Kolkata Knight Riders,Chennai Super Kings,bat
