id,Name,birthday,Country of origin,2008,2009,2010,2011,2012,2013,2014,2015,2016,2017,2018,2019
1,Abhinav Mukund,1990/1/6,India,CSK,CSK,CSK,CSK,CSK,RCB,X,X,X,X,X,X
2,Albie Morkel,1981/6/10,South Africa,CSK,CSK,CSK,CSK,CSK,CSK,RCB,DD,RPS,X,X,NaN
3,Anirudha Srikkanth,1987/4/14,India,CSK,X,CSK,CSK,CSK,CSK,SRH,X,X,X,NaN,NaN
4,Chamara Kapugedera,1987/2/24,Sri Lanka,CSK,X,X,X,X,X,X,X,X,X,NaN,NaN
5,Jacob Oram,1978/7/28,New Zealand,CSK,CSK,CSK,RR,RR,MI,X,X,X,X,NaN,NaN
6,Joginder Sharma,1983/10/23,India,CSK,CSK,CSK,CSK,CSK,X,X,X,X,X,NaN,NaN
7,KB Arun Karthik,1986/2/15,India,CSK,CSK,CSK,RCB,RCB,RCB,X,X,X,X,NaN,NaN
8,Lakshmipathy Balaji,1981/9/27,India,CSK,CSK,CSK,KKR,KKR,KKR,KXIP,X,X,X,NaN,NaN
9,Mahendra Singh Dhoni,1981/7/7,India,CSK,CSK,CSK,CSK,CSK,CSK,CSK,CSK,RPS,RPS,CSK,CSK
10,Makhaya Ntini,1977/7/6,South Africa,CSK,CSK,CSK,X,X,X,X,X,X,X,NaN,NaN
11,Manpreet Gony,1984/1/4,India,CSK,CSK,CSK,DC,DC,KXIP,X,X,X,GL,NaN,NaN
12,Matthew Hayden,1971/10/29,Australia,CSK,CSK,CSK,X,X,X,X,X,X,X,NaN,NaN
13,Mike Hussey,1975/5/27,Australia,CSK,CSK,CSK,CSK,CSK,CSK,MI,CSK,X,X,NaN,NaN
14,Muttiah Muralitharan,1972/4/17,Sri Lanka,CSK,CSK,CSK,KTK,RCB,RCB,RCB,X,X,X,NaN,NaN
15,Napoleon Einstein,1989/8/16,India,CSK,CSK,X,X,X,X,X,X,X,X,NaN,NaN
16,Palani Amarnath,NaN,India,CSK,CSK,X,X,X,X,X,X,X,X,NaN,NaN
17,Parthiv Patel,NaN,India,CSK,CSK,CSK,KTK,DC,SRH,RCB,MI,MI,MI,RCB,RCB
18,Ravichandran Ashwin,1986/9/17,India,CSK,CSK,CSK,CSK,CSK,CSK,CSK,CSK,RPS,RPS,KXIP,KXIP
19,Selvam Suresh Kumar,NaN,India,CSK,CSK,X,X,X,X,X,X,X,X,NaN,NaN
20,Shadab Jakati,1980/11/27,India,CSK,CSK,CSK,CSK,CSK,CSK,RCB,X,GL,GL,NaN,NaN
21,Stephen Fleming,1973/4/1,New Zealand,CSK,X,X,X,X,X,X,X,X,X,NaN,NaN
22,Subramaniam Badrinath,1980/8/30,India,CSK,CSK,CSK,CSK,CSK,CSK,X,RCB,X,X,NaN,NaN
23,Sudeep Tyagi,1989/9/17,India,CSK,CSK,CSK,CSK,CSK,SRH,X,X,X,X,NaN,NaN
24,Suresh Raina,1986/11/27,India,CSK,CSK,CSK,CSK,CSK,CSK,CSK,CSK,GL,GL,CSK,CSK
25,Vidyut Sivaramakrishnan,NaN,India,CSK,CSK,CSK,X,X,X,X,X,X,X,NaN,NaN
26,Viraj Kadbe,NaN,India,CSK,CSK,X,X,X,X,X,X,X,X,NaN,NaN
27,Adam Gilchrist,1971/11/14,Australia,DC,DC,DC,KXIP,KXIP,KXIP,X,X,X,X,NaN,NaN
28,Andrew Symonds,1975/6/9,Australia,DC,DC,DC,MI,X,X,X,X,X,X,NaN,NaN
29,Arjun Yadav,1981/12/23,India,DC,DC,DC,DC,DC,X,X,X,X,X,NaN,NaN
30,Chamara Silva,1979/12/14,Sri Lanka,DC,DC,X,X,X,X,X,X,X,X,NaN,NaN
31,Chaminda Vaas,1974/1/27,Sri Lanka,DC,DC,DC,X,X,X,X,X,X,X,NaN,NaN
32,Doddapaneni Kalyankrishna,1983/12/16,India,DC,DC,X,X,X,X,X,X,X,X,NaN,NaN
33,Dwaraka Ravi Teja,1988/9/5,India,DC,DC,DC,DC,DC,SRH,X,X,X,X,NaN,NaN
34,Halhadar Das,1986/12/10,India,DC,DC,X,X,X,X,X,X,X,X,NaN,NaN
35,Herschelle Gibbs,1974/2/23,South Africa,DC,DC,DC,X,MI,X,X,X,X,X,NaN,NaN
36,Mohnish Mishra,1984/2/9,India,DC,X,DC,PWI,PWI,PWI,X,X,X,X,NaN,NaN
37,Nuwan Zoysa,1978/5/13,Sri Lanka,DC,DC,X,X,X,X,X,X,X,X,NaN,NaN
38,Paidikalva Vijaykumar,1986/10/20,India,DC,DC,X,X,X,X,X,X,X,X,NaN,NaN
39,PM Sarvesh Kumar,1989/4/26,India,DC,DC,X,X,X,X,X,X,X,X,NaN,NaN
40,Pragyan Ojha,1986/9/5,India,DC,DC,DC,DC,MI,MI,MI,MI,X,X,NaN,NaN
41,R. P. Singh,1985/12/6,India,DC,DC,DC,KTK,MI,RCB,X,X,RPS,X,NaN,NaN
42,Rohit Sharma,1987/4/30,India,DC,DC,DC,MI,MI,MI,MI,MI,MI,MI,MI,MI
43,Sanjay Bangar,1972/10/11,India,DC,KKR,KKR,X,X,X,X,X,X,X,NaN,NaN
44,Shahid Afridi,NaN,Pakistan,DC,X,X,X,X,X,X,X,X,X,NaN,NaN
45,Scott Styris,1975/7/10,New Zealand,DC,DC,DC,CSK,CSK,X,X,X,X,X,NaN,NaN
46,V.V.S. Laxman,1974/11/1,India,DC,DC,DC,KTK,X,X,X,X,X,X,NaN,NaN
47,Yalaka Venugopal Rao,1982/2/26,India,DC,DC,DC,DD,DD,DD,SRH,X,X,X,NaN,NaN
48,AB de Villiers,1984/2/17,South Africa,DD,DD,DD,RCB,RCB,RCB,RCB,RCB,RCB,RCB,RCB,RCB
49,Amit Mishra,1982/11/24,India,DD,DD,DD,DC,DC,SRH,SRH,DD,DD,DD,DD,NaN
50,Brett Geeves,1982/6/13,Australia,DD,X,X,X,X,X,X,X,X,X,NaN,NaN
51,Daniel Vettori,1979/1/27,New Zealand,DD,DD,DD,RCB,RCB,RCB,X,X,X,X,NaN,NaN
52,Dinesh Karthik,1985/6/1,India,DD,DD,DD,KXIP,MI,MI,DD,RCB,GL,GL,KKR,KKR
53,Farveez Maharoof,1984/9/7,Sri Lanka,DD,DD,DD,X,X,X,X,X,X,X,NaN,NaN
54,Gautam Gambhir,1981/10/14,India,DD,DD,DD,KKR,KKR,KKR,KKR,KKR,KKR,KKR,DD,NaN
55,Glenn McGrath,1970/2/9,Australia,DD,DD,X,X,X,X,X,X,X,X,NaN,NaN
56,Manoj Tiwary,1985/11/14,India,DD,DD,KKR,KKR,KKR,KKR,DD,DD,X,RPS,KXIP,NaN
57,Mayank Tehlan,1986/10/11,India,DD,X,X,X,X,X,X,X,X,X,NaN,NaN
58,Mithun Manhas,NaN,India,DD,DD,DD,PWI,PWI,PWI,CSK,CSK,X,X,NaN,NaN
59,Mohammad Asif,1982/12/20,Pakistan,DD,X,X,X,X,X,X,X,X,X,NaN,NaN
60,Pradeep Sangwan,1990/11/5,India,DD,DD,DD,KKR,KKR,KKR,X,X,GL,GL,NaN,NaN
61,Rajat Bhatia,1979/10/22,India,DD,DD,DD,KKR,KKR,KKR,RR,RR,RPS,RPS,NaN,NaN
62,Shikhar Dhawan,1985/12/5,India,DD,MI,MI,DC,DC,SRH,SRH,SRH,SRH,SRH,SRH,NaN
63,Shoaib Malik,1982/2/1,Pakistan,DD,X,X,X,X,X,X,X,X,X,NaN,NaN
64,Sumit Narwal,NaN,India,DD,DD,DD,RR,RR,KKR,X,KKR,X,X,NaN,NaN
65,Tejashwi Yadav,1989/11/9,India,DD,DD,X,DD,DD,X,X,X,X,X,NaN,NaN
66,Tillakaratne Dilshan,1976/10/14,Sri Lanka,DD,DD,DD,RCB,RCB,RCB,X,X,X,X,NaN,NaN
67,Virender Sehwag,1978/10/20,India,DD,DD,DD,DD,DD,DD,KXIP,KXIP,X,X,NaN,NaN
68,Yogesh Nagar,NaN,India,DD,DD,DD,DD,DD,DD,X,X,X,X,NaN,NaN
69,Yo Mahesh,1987/12/21,India,DD,DD,DD,CSK,CSK,X,X,X,X,X,NaN,NaN
70,Aakash Chopra,1977/9/19,India,KKR,KKR,X,RR,RR,X,X,X,X,X,NaN,NaN
71,Ajantha Mendis,1985/3/11,Sri Lanka,KKR,KKR,KKR,X,X,PWI,X,X,X,X,NaN,NaN
72,Ajit Agarkar,1977/12/4,India,KKR,KKR,KKR,DD,DD,DD,X,X,X,X,NaN,NaN
73,Ashok Dinda,1984/3/25,India,KKR,KKR,KKR,DD,PWI,PWI,RCB,RCB,RPS,RPS,NaN,NaN
74,Brad Hodge,1974/12/29,Australia,KKR,KKR,KKR,KTK,RR,RR,RR,X,X,X,NaN,NaN
75,Brendon McCullum,1981/9/27,New Zealand,KKR,KKR,KKR,KTK,KKR,KKR,CSK,CSK,GL,GL,RCB,NaN
76,Cheteshwar Pujara,1988/1/25,India,KKR,KKR,KKR,RCB,RCB,RCB,KXIP,X,X,X,NaN,NaN
77,Chris Gayle,1979/9/21,Jamaica,KKR,KKR,KKR,RCB,RCB,RCB,RCB,RCB,RCB,RCB,KXIP,KXIP
78,David Hussey,1977/7/15,Australia,KKR,KKR,KKR,KXIP,KXIP,KXIP,CSK,X,X,X,NaN,NaN
79,Debabrata Das,1986/9/22,India,KKR,X,X,X,KKR,KKR,KKR,X,X,X,NaN,NaN
80,Iqbal Abdulla,1989/12/2,India,KKR,KKR,KKR,KKR,KKR,KKR,RR,RCB,RCB,RCB,NaN,NaN
81,Ishant Sharma,1988/9/2,India,KKR,KKR,KKR,DC,DC,SRH,SRH,SRH,RPS,KXIP,NaN,NaN
82,Laxmi Ratan Shukla,1981/5/6,India,KKR,KKR,KKR,KKR,KKR,KKR,DD,SRH,X,X,NaN,NaN
83,Mashrafe Mortaza,1983/10/5,Bangladesh,KKR,KKR,KKR,PWI,PWI,KKR,KXIP,X,X,X,NaN,NaN
84,Mohammad Hafeez,1980/10/17,Pakistan,KKR,X,X,X,X,X,X,X,X,X,NaN,NaN
85,Murali Kartik,1976/9/11,India,KKR,KKR,KKR,PWI,PWI,RCB,KXIP,X,X,X,NaN,NaN
86,Ranadeb Bose,NaN,India,KKR,KXIP,X,X,X,X,X,X,X,X,NaN,NaN
87,Ricky Ponting,1974/12/19,Australia,KKR,KKR,X,X,X,MI,X,X,X,X,NaN,NaN
88,Rohan Banerjee,1988/12/10,India,KKR,KKR,X,X,X,X,X,X,X,X,NaN,NaN
89,Salman Butt,1984/10/7,Pakistan,KKR,X,X,X,X,X,X,X,X,X,NaN,NaN
90,Saurasish Lahiri,1981/9/9,India,KKR,X,X,X,X,X,X,X,X,X,NaN,NaN
91,Shoaib Akhtar,1975/8/13,Pakistan,KKR,X,X,X,X,X,X,X,X,X,NaN,NaN
92,Siddarth Kaul,1990/5/19,India,KKR,KKR,X,X,X,DD,DD,SRH,SRH,SRH,SRH,SRH
93,Sourav Ganguly,1972/7/8,India,KKR,KKR,KKR,PWI,PWI,X,X,X,X,X,NaN,NaN
94,Tatenda Taibu,1983/5/14,Zimbabwe,KKR,X,X,X,X,X,X,X,X,X,NaN,NaN
95,Ray Price,1976/6/12,Zimbabwe,X,X,X,MI,X,X,X,X,X,X,NaN,NaN
96,Umar Gul,1984/4/14,Pakistan,KKR,X,X,X,X,X,X,X,X,X,NaN,NaN
97,Wriddhiman Saha,1984/10/24,India,KKR,KKR,KKR,CSK,CSK,CSK,KXIP,KXIP,KXIP,KXIP,SRH,SRH
98,Yashpal Singh,NaN,India,KKR,KKR,X,KTK,X,X,X,X,X,X,NaN,NaN
99,Ajitesh Argal,NaN,India,KXIP,KXIP,X,X,X,X,X,X,X,X,NaN,NaN
100,Azhar Mehmood,1975/2/28,England,KXIP,KXIP,KXIP,KXIP,KXIP,KXIP,X,KKR,X,X,NaN,NaN
101,Brett Lee,1976/11/8,Australia,KXIP,KXIP,KXIP,KKR,KKR,KKR,X,X,X,X,NaN,NaN
102,Fidel Edwards,1982/2/6,Barbados,KXIP,DC,DC,PWI,PWI,RR,X,X,X,X,NaN,NaN
103,Gagandeep Singh,NaN,India,KXIP,X,X,X,X,X,X,X,X,X,NaN,NaN
104,Irfan Pathan,1984/10/27,India,KXIP,KXIP,KXIP,DD,DD,DD,SRH,CSK,RPS,GL,NaN,NaN
105,James Hopes,1978/10/24,Australia,KXIP,KXIP,KXIP,DD,PWI,X,X,X,X,X,NaN,NaN
106,Karan Goel,NaN,India,KXIP,KXIP,KXIP,X,X,X,X,X,X,X,NaN,NaN
107,Kumar Sangakkara,1977/10/27,Sri Lanka,KXIP,KXIP,KXIP,DC,DC,SRH,X,X,X,X,NaN,NaN
108,Kyle Mills,1979/3/15,New Zealand,KXIP,MI,MI,X,X,X,X,X,X,X,NaN,NaN
109,Luke Pomersbach,1984/9/28,Australia,KXIP,KXIP,KXIP,RCB,RCB,KXIP,X,X,X,X,NaN,NaN
110,Mahela Jayawardene,1977/5/27,Sri Lanka,KXIP,KXIP,KXIP,KTK,DD,DD,X,X,X,X,NaN,NaN
111,Nitin Saini,1988/10/28,India,KXIP,X,X,KXIP,KXIP,KXIP,X,X,X,X,NaN,NaN
112,Pankaj Dharmani,1974/9/27,India,KXIP,X,X,X,X,X,X,X,X,X,NaN,NaN
113,Piyush Chawla,1988/12/24,India,KXIP,KXIP,KXIP,KXIP,KXIP,KXIP,KKR,KKR,KKR,KKR,KKR,KKR
114,Ramesh Powar,1978/5/20,India,KXIP,KXIP,KXIP,KTK,KXIP,KXIP,X,X,X,X,NaN,NaN
115,Ramnaresh Sarwan,1980/6/23,Guyana,KXIP,X,X,X,X,X,X,X,X,X,NaN,NaN
116,Rishi Dhawan,1990/2/19,India,KXIP,X,X,X,X,MI,KXIP,KXIP,KXIP,KKR,NaN,NaN
117,Sahil Kukreja,1985/7/9,India,KXIP,KXIP,X,X,X,X,X,X,X,X,NaN,NaN
118,Shaun Marsh,1983/7/9,Australia,KXIP,KXIP,KXIP,KXIP,KXIP,KXIP,KXIP,KXIP,KXIP,KXIP,NaN,NaN
119,Simon Katich,1975/8/21,Australia,KXIP,KXIP,KXIP,X,X,X,X,X,X,X,NaN,NaN
120,Sreesanth,1983/2/6,India,KXIP,KXIP,KXIP,KTK,RR,RR,X,X,X,X,NaN,NaN
121,Sunny Sohal,1987/11/10,India,KXIP,KXIP,X,DC,DC,RCB,X,X,X,X,NaN,NaN
122,Tanmay Srivastava,1989/11/7,India,KXIP,KXIP,KXIP,KTK,DC,X,X,X,X,X,NaN,NaN
123,Uday Kaul,1987/12/2,India,KXIP,KXIP,X,X,X,X,X,X,X,X,NaN,NaN
124,V. R. V. Singh,1984/9/17,India,KXIP,KXIP,KXIP,X,X,X,X,X,X,X,NaN,NaN
125,Wilkin Mota,1981/9/20,India,KXIP,KXIP,X,X,X,X,X,X,X,X,NaN,NaN
126,Yuvraj Singh,1981/12/12,India,KXIP,KXIP,KXIP,PWI,PWI,PWI,RCB,DD,SRH,SRH,KXIP,MI
127,Abhishek Nayar,1983/10/8,India,MI,MI,MI,KXIP,KXIP,PWI,RR,X,X,X,NaN,NaN
128,Ajinkya Rahane,1988/6/6,India,MI,MI,MI,RR,RR,RR,RR,RR,RPS,RPS,RR,RR
129,Andr¨¦ Nel,1977/7/15,South Africa,MI,X,X,X,X,X,X,X,X,X,NaN,NaN
130,Ankeet Chavan,1985/10/28,India,MI,X,X,RR,RR,RR,X,X,X,X,NaN,NaN
131,Ashwell Prince,1977/5/28,South Africa,MI,X,X,X,X,X,X,X,X,X,NaN,NaN
132,Ashish Nehra,1979/4/29,India,MI,DD,DD,PWI,PWI,DD,CSK,CSK,SRH,SRH,NaN,NaN
133,Dhawal Kulkarni,1988/12/10,India,MI,MI,MI,MI,MI,MI,RR,RR,GL,GL,RR,RR
134,Dilhara Fernando,1979/7/19,Sri Lanka,MI,MI,MI,MI,X,X,X,X,X,X,NaN,NaN
135,Dominic Thornley,1978/10/1,Australia,MI,X,X,X,X,X,X,X,X,X,NaN,NaN
136,Dwayne Bravo,1983/10/7,Trinidad and Tobago,MI,MI,MI,CSK,CSK,CSK,CSK,CSK,GL,GL,CSK,CSK
137,Dwayne Smith,1983/4/12,Barbados,MI,DC,DC,X,MI,MI,CSK,CSK,GL,GL,NaN,NaN
138,Gaurav Dhiman,1986/12/16,India,MI,RCB,X,X,X,X,X,X,X,X,NaN,NaN
139,Harbhajan Singh,1980/7/3,India,MI,MI,MI,MI,MI,MI,MI,MI,MI,MI,CSK,CSK
140,Lasith Malinga,1983/8/28,Sri Lanka,MI,MI,MI,MI,MI,MI,MI,MI,MI,MI,X,MI
141,Loots Bosman,1977/4/14,South Africa,MI,X,X,X,X,X,X,X,X,X,NaN,NaN
142,Luke Ronchi,1981/4/23,New Zealand,MI,MI,X,X,X,X,X,X,X,X,NaN,NaN
143,Manish Pandey,1989/9/10,India,MI,RCB,RCB,PWI,PWI,PWI,KKR,KKR,KKR,KKR,SRH,SRH
144,Mohammad Ashraful,1984/7/7,Bangladesh,MI,MI,X,X,X,X,X,X,X,X,NaN,NaN
145,Musavir Khote,NaN,India,MI,X,X,X,X,X,X,X,X,X,NaN,NaN
146,Pinal Shah,NaN,India,MI,MI,MI,RR,RR,X,X,X,X,X,NaN,NaN
147,Rajesh Pawar,NaN,India,MI,X,X,DC,X,X,X,X,X,X,NaN,NaN
148,Robin Uthappa,1985/11/11,India,MI,RCB,RCB,PWI,PWI,PWI,KKR,KKR,KKR,KKR,KKR,KKR
149,Rohan Raje,1986/9/3,India,MI,MI,X,X,X,X,X,X,X,X,NaN,NaN
150,Sachin Tendulkar,1973/4/24,India,MI,MI,MI,MI,MI,MI,X,X,X,X,NaN,NaN
151,Sanath Jayasuriya,1969/6/30,Sri Lanka,MI,MI,MI,X,X,X,X,X,X,X,NaN,NaN
152,Saurabh Tiwary,1989/12/30,India,MI,MI,MI,RCB,RCB,RCB,DD,DD,RPS,MI,NaN,NaN
153,Shaun Pollock,1973/7/16,South Africa,MI,X,X,X,X,X,X,X,X,X,NaN,NaN
154,Siddharth Chitnis,NaN,India,MI,RR,X,KXIP,KXIP,KXIP,X,X,X,X,NaN,NaN
155,Swapnil Singh,1991/1/22,India,MI,X,X,X,X,X,X,X,KXIP,KXIP,NaN,NaN
156,Vikrant Yeligati,NaN,India,MI,X,X,X,X,X,X,X,X,X,NaN,NaN
157,Yogesh Takawale,1984/11/5,India,MI,MI,X,X,MI,X,RCB,RCB,X,X,NaN,NaN
158,Abdur Razzak,1982/6/15,Bangladesh,RCB,X,X,X,X,X,X,X,X,X,NaN,NaN
159,Anil Kumble,1970/10/17,India,RCB,RCB,RCB,X,X,X,X,X,X,X,NaN,NaN
160,Ashley Noffke,1977/4/30,Australia,RCB,X,X,X,X,X,X,X,X,X,NaN,NaN
161,Balachandra Akhil,1977/10/7,India,RCB,RCB,RCB,KTK,X,X,X,X,X,X,NaN,NaN
162,Bharat Chipli,1983/1/27,India,RCB,RCB,X,DC,DC,DD,X,X,X,X,NaN,NaN
163,Cameron White,1983/8/18,Australia,RCB,RCB,RCB,DC,DC,SRH,X,X,X,X,NaN,NaN
164,Dale Steyn,1983/6/27,South Africa,RCB,RCB,RCB,DC,DC,SRH,SRH,SRH,GL,X,NaN,NaN
165,Devraj Patil,1984/12/6,India,RCB,RCB,X,X,X,X,X,X,X,X,NaN,NaN
166,Jacques Kallis,1975/10/16,South Africa,RCB,RCB,RCB,KKR,KKR,KKR,KKR,X,X,X,NaN,NaN
167,Jagadeesh Arunkumar,1975/1/18,India,RCB,RCB,X,X,X,X,X,X,X,X,NaN,NaN
168,KP Appanna,1988/12/20,India,RCB,RCB,RCB,X,RCB,RCB,X,X,X,X,NaN,NaN
169,Mark Boucher,1976/12/3,South Africa,RCB,RCB,RCB,KKR,X,X,X,X,X,X,NaN,NaN
170,Misbah-ul-Haq,1974/5/28,Pakistan,RCB,X,X,X,X,X,X,X,X,X,NaN,NaN
171,Nathan Bracken,1977/9/12,Australia,RCB,RCB,X,X,X,X,X,X,X,X,NaN,NaN
172,Neravanda Aiyappa,NaN,India,RCB,X,X,X,X,X,X,X,X,X,NaN,NaN
173,Praveen Kumar,1986/10/2,india,RCB,RCB,RCB,KXIP,KXIP,KXIP,MI,SRH,GL,GL,NaN,NaN
174,Rahul Dravid,1973/1/11,India,RCB,RCB,RCB,RR,RR,RR,X,X,X,X,NaN,NaN
175,Ross Taylor,1984/3/8,New Zealand,RCB,RCB,RCB,RR,DD,PWI,DD,X,X,X,NaN,NaN
176,Shivnarine Chanderpaul,1974/8/16,Guyana,RCB,X,X,X,X,X,X,X,X,X,NaN,NaN
177,Shreevats Goswami,1989/5/18,India,RCB,RCB,RCB,KKR,RR,RR,X,X,X,X,SRH,SRH
178,Sunil Joshi,1970/6/6,India,RCB,RCB,X,X,X,X,X,X,X,X,NaN,NaN
179,Vinay Kumar,1984/2/12,India,RCB,RCB,RCB,KTK,RCB,RCB,KKR,MI,MI,MI,KKR,NaN
180,Virat Kohli,1988/11/5,India,RCB,RCB,RCB,RCB,RCB,RCB,RCB,RCB,RCB,RCB,RCB,RCB
181,Wasim Jaffer,1978/2/16,India,RCB,RCB,X,X,X,X,X,X,X,X,NaN,NaN
182,Zaheer Khan,1978/10/7,India,RCB,MI,MI,RCB,RCB,RCB,MI,DD,DD,DD,NaN,NaN
183,Abhishek Raut,1987/3/3,India,RR,RR,RR,RR,RR,RR,X,X,X,X,NaN,NaN
184,Aditya Angle,NaN,India,RR,RR,X,X,X,X,X,X,X,X,NaN,NaN
185,Anup Revandkar,NaN,India,RR,RR,X,X,X,X,X,X,X,X,NaN,NaN
186,Darren Lehmann,1970/2/5,Australia,RR,X,X,X,X,X,X,X,X,X,NaN,NaN
187,Dimitri Mascarenhas,1977/10/30,England,RR,RR,RR,KXIP,KXIP,KXIP,X,X,X,X,NaN,NaN
188,Dinesh Salunkhe,NaN,India,RR,RR,X,RR,X,X,X,RR,X,X,NaN,NaN
189,Faiz Fazal,1985/9/7,India,RR,RR,RR,RR,RR,X,X,X,X,X,NaN,NaN
190,Graeme Smith,1981/2/1,South Africa,RR,RR,RR,PWI,PWI,X,X,X,X,X,NaN,NaN
191,Jaydev Shah,1983/5/4,India,RR,MI,X,DC,MI,X,X,X,GL,GL,NaN,NaN
192,Justin Langer,1970/11/21,Australia,RR,RR,X,X,X,X,X,X,X,X,NaN,NaN
193,Kamran Akmal,1982/1/13,Pakistan,RR,X,X,X,X,X,X,X,X,X,NaN,NaN
194,Mahesh Rawat,1985/10/25,India,RR,RR,X,X,X,PWI,X,X,X,X,NaN,NaN
195,Mohammad Kaif,1980/12/1,India,RR,RR,KXIP,RCB,RCB,X,X,X,X,X,NaN,NaN
196,Morne Morkel,1984/10/6,South Africa,RR,RR,RR,DD,DD,DD,KKR,KKR,KKR,X,NaN,NaN
197,Munaf Patel,1983/7/12,India,RR,RR,RR,MI,MI,MI,X,X,X,GL,NaN,NaN
198,Niraj Patel,NaN,India,RR,RR,X,X,X,X,X,X,X,X,NaN,NaN
199,Pankaj Singh,1985/5/6,India,RR,RCB,RCB,RR,RR,RCB,X,X,X,X,NaN,NaN
200,Parag More,NaN,India,RR,RR,X,X,X,X,X,X,X,X,NaN,NaN
201,Ravindra Jadeja,1988/12/6,India,RR,RR,X,KTK,CSK,CSK,CSK,CSK,GL,GL,CSK,CSK
202,Shane Warne,1969/9/13,Australia,RR,RR,RR,RR,X,X,X,X,X,X,NaN,NaN
203,Shane Watson,1981/6/17,Australia,RR,RR,RR,RR,RR,RR,RR,RR,RCB,RCB,CSK,CSK
204,Siddharth Trivedi,1982/9/4,India,RR,RR,RR,RR,RR,RR,X,X,X,X,NaN,NaN
205,Sohail Tanvir,1984/12/12,Pakistan,RR,X,X,X,X,X,X,X,X,X,NaN,NaN
206,Sumit Khatri,1989/7/15,India,RR,X,X,X,X,X,X,X,X,X,NaN,NaN
207,Swapnil Asnodkar,1984/3/29,India,RR,RR,RR,RR,X,X,X,X,X,X,NaN,NaN
208,Taruwar Kohli,1988/12/17,India,RR,X,X,X,X,X,X,X,X,X,NaN,NaN
209,Younis Khan,NaN,Pakistan,RR,X,X,X,X,X,X,X,X,X,NaN,NaN
210,Yusuf Pathan,1982/11/17,India,RR,RR,RR,KKR,KKR,KKR,KKR,KKR,KKR,KKR,SRH,SRH
211,Andrew Flintoff,1977/12/6,England,X,CSK,X,X,X,X,X,X,X,X,NaN,NaN
212,George Bailey,1982/9/7,Australia,X,CSK,CSK,CSK,CSK,X,KXIP,KXIP,RPS,X,NaN,NaN
213,Murali Vijay,1984/4/1,India,X,CSK,CSK,CSK,CSK,CSK,DD,KXIP,KXIP,KXIP,CSK,CSK
214,Thilan Thushara,1981/3/1,Sri Lanka,X,CSK,CSK,X,X,X,X,X,X,X,NaN,NaN
215,Abhinav Kumar,NaN,India,X,DC,X,X,X,X,X,X,X,X,NaN,NaN
216,Azhar Bilakhia,NaN,India,X,DC,DC,X,X,X,X,X,X,X,NaN,NaN
217,Harmeet Singh,1987/10/9,India,X,DC,DC,DC,KXIP,RR,KXIP,X,X,X,NaN,NaN
218,Jaskaran Singh,1991/12/21,India,X,DC,X,X,X,X,X,X,RPS,RPS,NaN,NaN
219,Kemar Roach,1988/6/30,Barbados,X,DC,DC,X,X,X,X,X,X,X,NaN,NaN
220,Manvinder Bisla,1984/12/27,India,X,DC,KXIP,KKR,KKR,KKR,KKR,RCB,X,X,NaN,NaN
221,Mitchell Marsh,1991/10/20,Australia,X,DC,DC,PWI,PWI,PWI,X,X,RPS,RPS,NaN,NaN
222,Rahul Sharma,1987/7/20,India,X,DC,DC,PWI,PWI,PWI,DD,CSK,X,X,NaN,NaN
223,Ryan Harris,1979/10/11,Australia,X,DC,DC,KXIP,KXIP,KXIP,X,X,X,X,NaN,NaN
224,Shoaib Ahmed,1987/11/19,India,X,DC,X,X,X,X,X,X,X,X,NaN,NaN
225,Tirumalasetti Suman,1983/12/15,India,X,DC,DC,MI,MI,PWI,X,X,SRH,X,NaN,NaN
226,Aavishkar Salvi,1981/10/20,India,X,DD,DD,DD,DD,DD,X,X,X,X,NaN,NaN
227,Andrew McDonald,1981/6/5,Australia,X,DD,DD,DD,RCB,RCB,X,X,X,X,NaN,NaN
228,David Warner,1986/10/27,Australia,X,DD,DD,DD,DD,DD,SRH,SRH,SRH,SRH,SRH,SRH
229,Dirk Nannes,1976/5/16,Australia,X,DD,DD,RCB,RCB,CSK,X,X,X,X,NaN,NaN
230,Owais Shah,1978/10/22,England,X,DD,KKR,KTK,RR,RR,X,X,X,X,NaN,NaN
231,Paul Collingwood,1976/5/26,England,X,DD,DD,RR,RR,X,X,X,X,X,NaN,NaN
232,Umesh Yadav,1987/10/25,India,X,DD,DD,DD,DD,DD,KKR,KKR,KKR,KKR,RCB,RCB
233,Wayne Parnell,1989/7/30,South Africa,X,DD,DD,PWI,PWI,PWI,DD,X,X,X,NaN,NaN
234,Angelo Mathews,1987/6/2,Sri Lanka,X,KKR,KKR,PWI,PWI,PWI,X,DD,X,DD,NaN,NaN
235,Anureet Singh,NaN,India,X,KKR,X,X,X,X,KXIP,KXIP,KXIP,KXIP,NaN,NaN
236,Arindam Ghosh,1986/10/19,India,X,KKR,X,X,X,X,X,X,X,X,NaN,NaN
237,Charl Langeveldt,1974/12/17,South Africa,X,KKR,KKR,RCB,RCB,X,X,X,X,X,NaN,NaN
238,Moises Henriques,1987/2/1,Australia,X,KKR,DD,MI,X,RCB,SRH,SRH,SRH,SRH,SRH,KXIP
239,Morn¨¦ van Wyk,1979/3/20,South Africa,X,KKR,X,X,X,X,X,X,X,X,NaN,NaN
240,Sachin Rana,1984/9/18,India,X,KKR,X,PWI,PWI,SRH,RCB,X,X,X,NaN,NaN
241,Shoaib Shaikh,1993/11/25,India,X,KKR,X,X,X,X,X,X,X,X,NaN,NaN
242,Amanpreet Singh,NaN,India,X,KXIP,KXIP,X,X,X,X,X,X,X,NaN,NaN
243,Burt Cockley,1986/4/3,Australia,X,KXIP,X,X,X,X,X,X,X,X,NaN,NaN
244,Jerome Taylor,1984/6/22,Jamaica,X,KXIP,X,PWI,X,X,X,X,MI,X,NaN,NaN
245,Ravi Bopara,1985/5/4,England,X,KXIP,KXIP,X,X,X,X,SRH,X,X,NaN,NaN
246,Ravikant Shukla,NaN,India,X,KXIP,X,X,X,X,X,X,X,X,NaN,NaN
247,Rusty Theron,1985/6/24,South Africa,X,KXIP,KXIP,DC,DC,X,X,RR,X,X,NaN,NaN
248,Ryan Ninan,1985/11/19,India,X,KXIP,X,RCB,RCB,X,X,X,X,X,NaN,NaN
249,Vikramjeet Malik,1983/5/9,India,X,KXIP,KXIP,KXIP,KXIP,RR,RR,RR,RCB,X,NaN,NaN
250,Yusuf Abdulla,1983/1/17,South Africa,X,KXIP,KXIP,X,X,X,X,X,X,X,NaN,NaN
251,Abu Nechim Ahmed,1988/11/5,India,X,MI,MI,MI,MI,MI,RCB,RCB,RCB,RCB,NaN,NaN
252,Chentanya Nanda,NaN,India,X,MI,X,X,X,X,X,X,X,X,NaN,NaN
253,Graham Napier,1980/1/6,England,X,MI,MI,X,X,X,X,X,X,X,NaN,NaN
254,JP Duminy,1984/4/14,South Africa,X,MI,MI,DC,DC,SRH,DD,DD,DD,DD,NaN,NaN
255,Rahil Shaikh,NaN,India,X,MI,X,X,X,X,X,X,X,X,NaN,NaN
256,Ryan McLaren,1983/2/9,South Africa,X,MI,MI,KXIP,X,KKR,X,X,X,X,NaN,NaN
257,Abhimanyu Mithun,1989/10/25,India,X,RCB,RCB,RCB,RCB,RCB,X,MI,SRH,SRH,NaN,NaN
258,Bhuvneshwar Kumar,1990/2/5,India,X,RCB,RCB,PWI,PWI,PWI,SRH,SRH,SRH,SRH,SRH,SRH
259,CM Gautam,1986/3/8,India,X,RCB,RCB,RCB,RCB,DD,MI,DD,X,X,NaN,NaN
260,Dillon du Preez,1981/11/8,South Africa,X,RCB,RCB,X,X,X,X,X,X,X,NaN,NaN
261,Eoin Morgan,1986/9/10,England,X,RCB,RCB,KKR,KKR,KKR,X,SRH,SRH,KXIP,NaN,NaN
262,Ishank Jaggi,NaN,India,X,RCB,X,DC,DC,X,X,X,X,KKR,NaN,NaN
263,Jesse Ryder,1984/8/6,New Zealand,X,RCB,RCB,PWI,PWI,DD,X,X,X,X,NaN,NaN
264,Jitendra Patil,NaN,India,X,RCB,X,X,X,X,X,X,X,X,NaN,NaN
265,Karn Sharma,1987/10/23,India,X,RCB,X,X,X,SRH,SRH,SRH,SRH,MI,CSK,CSK
266,Kedar Jadhav,1985/3/26,India,X,RCB,DD,KTK,DD,DD,DD,DD,RCB,RCB,CSK,CSK
267,Kevin Pietersen,1980/6/27,England,X,RCB,RCB,DC,DD,DD,DD,SRH,RPS,X,NaN,NaN
268,Rajesh Bishnoi,1987/10/8,India,X,RCB,X,X,X,X,X,X,X,X,NaN,NaN
269,Raju Bhatkal,NaN,India,X,RCB,X,RCB,RCB,X,X,X,X,X,NaN,NaN
270,Rangaraj Suthesh,NaN,India,X,RCB,X,X,X,X,X,X,X,X,NaN,NaN
271,RK Sabharwal,NaN,India,X,RCB,X,X,X,X,X,X,X,X,NaN,NaN
272,Roelof van der Merwe,1984/12/31,South Africa,X,RCB,RCB,DD,DD,DD,X,X,X,X,NaN,NaN
273,Saurabh Bandekar,1987/11/16,India,X,RCB,X,X,X,X,X,X,X,X,NaN,NaN
274,Sreenath Aravind,1984/4/8,India,X,RCB,X,RCB,RCB,RCB,X,RCB,RCB,RCB,NaN,NaN
275,Tinu Yohannan,1979/2/18,India,X,RCB,X,X,X,X,X,X,X,X,NaN,NaN
276,Udit Patel,1984/8/31,India,X,RCB,X,X,X,X,X,X,X,X,NaN,NaN
277,Abdulahad Malek,NaN,India,X,RR,X,X,X,X,X,X,X,X,NaN,NaN
278,Aditya Dole,NaN,India,X,RR,RR,RR,RR,RR,X,X,X,X,NaN,NaN
279,Amit Singh,1981/6/21,India,X,RR,RR,RR,RR,RR,X,X,X,X,NaN,NaN
280,Ashraf Makda,NaN,India,X,RR,X,X,X,X,X,X,X,X,NaN,NaN
281,Atul Sharma,NaN,India,X,RR,X,X,X,X,X,X,X,X,NaN,NaN
282,Gajendra Singh,NaN,India,X,RR,X,X,X,X,X,X,X,X,NaN,NaN
283,Johan Botha,1982/5/2,South Africa,X,RR,RR,RR,RR,DD,KKR,X,X,X,NaN,NaN
284,Kamran Khan,1991/3/10,India,X,RR,RR,PWI,PWI,X,X,X,X,X,NaN,NaN
285,Lee Carseldine,1975/11/17,Australia,X,RR,X,X,X,X,X,X,X,X,NaN,NaN
286,Mohammed Arif,NaN,India,X,RR,X,X,X,X,X,X,X,X,NaN,NaN
287,Naman Ojha,1983/7/20,India,X,RR,RR,DD,DD,DD,SRH,SRH,SRH,SRH,DD,NaN
288,Paras Dogra,1984/11/19,India,X,RR,X,KXIP,KXIP,X,X,X,GL,X,NaN,NaN
289,Paul Valthaty,1983/12/7,India,X,RR,X,KXIP,KXIP,KXIP,X,X,X,X,NaN,NaN
290,Pushkaraj Chavan,NaN,India,X,RR,X,X,X,X,X,X,X,X,NaN,NaN
291,Raiphi Gomez,1985/10/16,India,X,RR,RR,KTK,PWI,PWI,X,X,X,X,NaN,NaN
292,Rob Quiney,1982/8/20,Australia,X,RR,X,X,X,X,X,X,X,X,NaN,NaN
293,Shaun Tait,1983/2/22,Australia,X,RR,RR,RR,RR,RR,X,X,KKR,X,NaN,NaN
294,Shrideep Mangela,NaN,India,X,RR,X,X,X,X,X,X,X,X,NaN,NaN
295,Tyron Henderson,1974/8/1,South Africa,X,RR,X,X,X,X,X,X,X,X,NaN,NaN
296,Chandrasekar Ganapathy,NaN,India,X,X,CSK,X,X,X,X,X,X,X,NaN,NaN
297,Doug Bollinger,1981/7/24,Australia,X,X,CSK,CSK,CSK,X,X,X,X,X,NaN,NaN
298,Hemang Badani,1976/11/10,India,X,X,CSK,X,X,X,X,X,X,X,NaN,NaN
299,Justin Kemp,1977/10/2,South Africa,X,X,CSK,X,X,X,X,X,X,X,NaN,NaN
300,Thisara Perera,1989/4/3,Sri Lanka,X,X,CSK,KTK,MI,SRH,KXIP,KXIP,RPS,X,NaN,NaN
301,Anirudh Singh,1980/8/2,India,X,X,DC,X,X,X,X,X,X,X,NaN,NaN
302,Ashish Reddy,1991/2/24,India,X,X,DC,DC,DC,SRH,SRH,SRH,SRH,X,NaN,NaN
303,Bodapati Sumanth,NaN,India,X,X,DC,X,X,X,X,X,X,X,NaN,NaN
304,Joginder Singh,1980/7/11,India,X,X,DD,X,X,X,X,X,X,X,NaN,NaN
305,Sarabjit Ladda,1986/7/10,India,X,X,DD,KKR,KKR,KKR,X,X,GL,X,NaN,NaN
306,Sarandeep Singh,NaN,India,X,X,DD,X,X,X,X,X,X,X,NaN,NaN
307,Shashi Ranjan,NaN,India,X,X,DD,X,X,X,X,X,X,X,NaN,NaN
308,Chirag Pathak,1987/2/2,India,X,X,KKR,X,X,X,X,X,X,X,NaN,NaN
309,Eklak Ahmid,1984/10/12,India,X,X,KKR,X,X,X,X,X,X,X,NaN,NaN
310,Ganapathi Vignesh,1981/8/11,India,X,X,KKR,CSK,CSK,X,X,X,X,X,NaN,NaN
311,Harshad Khadiwale,1988/10/21,India,X,X,KKR,PWI,PWI,X,X,X,X,X,NaN,NaN
312,Jaydev Unadkat,1991/10/18,India,X,X,KKR,KKR,KKR,RCB,DD,DD,KKR,RPS,RR,RR
313,Mandeep Singh,1991/12/18,India,X,X,KKR,KXIP,KXIP,KXIP,KXIP,RCB,RCB,RCB,RCB,KXIP
314,Rohan Gavaskar,1976/2/20,India,X,X,KKR,X,X,X,X,X,X,X,NaN,NaN
315,Shane Bond,1975/6/7,New Zealand,X,X,KKR,X,X,X,X,X,X,X,NaN,NaN
316,Varun Aaron,1989/10/29,India,X,X,KKR,DD,DD,DD,RCB,RCB,RCB,KXIP,RR,NaN
317,Adrian Barath,1990/3/14,Trinidad and Tobago,X,X,KXIP,X,X,X,X,X,X,X,NaN,NaN
318,Bipul Sharma,1983/9/28,India,X,X,KXIP,KXIP,KXIP,KXIP,X,SRH,SRH,SRH,NaN,NaN
319,Love Ablish,1982/12/3,India,X,X,KXIP,KXIP,KXIP,X,X,X,X,X,NaN,NaN
320,Reetinder Singh Sodhi,1980/10/18,India,X,X,KXIP,X,X,X,X,X,X,X,NaN,NaN
321,Shalabh Srivastava,1981/9/22,India,X,X,KXIP,KXIP,KXIP,X,X,X,X,X,NaN,NaN
322,Aditya Tare,1987/11/7,India,X,X,MI,MI,MI,MI,MI,MI,SRH,DD,MI,NaN
323,Ali Murtaza,1990/1/1,India,X,X,MI,MI,PWI,PWI,X,X,X,X,NaN,NaN
324,Ambati Rayudu,1985/9/23,India,X,X,MI,MI,MI,MI,MI,MI,MI,MI,CSK,CSK
325,Chandan Madan,1982/10/15,India,X,X,MI,KTK,X,X,X,X,X,X,NaN,NaN
326,Ishan Malhotra,NaN,India,X,X,MI,DC,X,X,X,X,X,X,NaN,NaN
327,Kieron Pollard,1987/5/12,Trinidad and Tobago,X,X,MI,MI,MI,MI,MI,MI,MI,MI,MI,MI
328,Rahul Shukla,1990/8/28,India,X,X,MI,MI,MI,RR,DD,X,X,X,NaN,NaN
329,Rajagopal Sathish,1981/1/14,India,X,X,MI,MI,KXIP,KXIP,X,X,KKR,X,NaN,NaN
330,Stuart Binny,1984/6/3,India,X,X,MI,RR,RR,RR,RR,RR,RCB,RCB,RR,RR
331,Syed Shahabuddin,1979/7/1,India,X,X,MI,X,X,X,X,X,X,X,NaN,NaN
332,Sridharan Sriram,1976/2/21,India,X,X,RCB,DD,X,X,X,X,X,X,NaN,NaN
333,Steve Smith,1989/6/2,Australia,X,X,RCB,KTK,PWI,PWI,RR,RR,RPS,RPS,X,RR
334,Aaron Finch,1986/11/17,Australia,X,X,RR,DD,DD,PWI,SRH,MI,GL,GL,KXIP,NaN
335,Abhishek Jhunjhunwala,1982/12/1,India,X,X,RR,PWI,DC,X,X,X,X,X,NaN,NaN
336,Adam Voges,1979/10/4,Australia,X,X,RR,X,X,X,X,X,X,X,NaN,NaN
337,Amit Paunikar,1988/4/18,India,X,X,RR,RR,RR,X,SRH,X,X,X,NaN,NaN
338,Amit Uniyal,1981/11/21,India,X,X,RR,X,X,X,X,X,X,X,NaN,NaN
339,Damien Martyn,1971/10/21,Australia,X,X,RR,X,X,X,X,X,X,X,NaN,NaN
340,Michael Lumb,1980/2/12,England,X,X,RR,DC,DC,X,X,X,X,X,NaN,NaN
341,Shrikant Wagh,1988/10/9,India,X,X,RR,PWI,PWI,PWI,X,X,X,X,NaN,NaN
342,Syed Quadri,1981/12/2,India,X,X,RR,X,DC,X,X,X,X,X,NaN,NaN
343,Ben Hilfenhaus,1983/3/15,Australia,X,X,X,CSK,CSK,CSK,CSK,MI,X,DD,NaN,NaN
344,Francois du Plessis,1984/7/13,South Africa,X,X,X,CSK,CSK,CSK,CSK,CSK,RPS,RPS,CSK,CSK
345,Kuthethurshri Vasudevadas,NaN,India,X,X,X,CSK,CSK,X,X,X,X,X,NaN,NaN
346,Nuwan Kulasekara,1982/7/22,Sri Lanka,X,X,X,CSK,CSK,CSK,X,X,X,X,NaN,NaN
347,Suraj Randiv,1985/1/30,Sri Lanka,X,X,X,CSK,CSK,X,X,X,X,X,NaN,NaN
348,Tim Southee,1988/12/11,New Zealand,X,X,X,CSK,X,X,RR,RR,MI,MI,RCB,NaN
349,Akash Bhandari,NaN,India,X,X,X,DC,DC,X,X,X,X,X,NaN,NaN
350,Anand Rajan,1987/4/17,India,X,X,X,DC,DC,SRH,X,X,X,X,NaN,NaN
351,Ankit Sharma,1991/4/20,India,X,X,X,DC,DC,SRH,RR,RR,RPS,RPS,NaN,NaN
352,Chris Lynn,1990/4/10,Australia,X,X,X,DC,DC,SRH,KKR,KKR,KKR,KKR,KKR,KKR
353,Daniel Christian,1983/5/4,Australia,X,X,X,DC,DC,RCB,X,X,X,RPS,DD,NaN
354,Kedar Devdhar,1989/12/14,India,X,X,X,DC,DC,X,X,X,X,X,NaN,NaN
355,Ajit Chandila,1983/12/5,India,X,X,X,DD,RR,RR,X,X,X,X,NaN,NaN
356,Colin Ingram,1985/7/3,South Africa,X,X,X,DD,DD,X,X,X,X,X,NaN,NaN
357,Matthew Wade,1987/12/26,Australia,X,X,X,DD,X,X,X,X,X,X,NaN,NaN
358,Prashant Naik,1986/9/2,India,X,X,X,DD,DD,X,X,X,X,X,NaN,NaN
359,Robbie Frylinck,1984/9/27,South Africa,X,X,X,DD,X,X,X,X,X,X,NaN,NaN
360,Robin Bist,1987/11/2,India,X,X,X,DD,DD,DD,X,X,X,X,NaN,NaN
361,Shahbaz Nadeem,1989/8/12,India,X,X,X,DD,DD,DD,DD,DD,DD,DD,DD,SRH
362,Travis Birt,1981/12/9,Australia,X,X,X,DD,DD,X,X,X,X,X,NaN,NaN
363,Unmukt Chand,1993/3/26,India,X,X,X,DD,DD,DD,RR,MI,MI,X,NaN,NaN
364,Vikas Mishra,1992/12/27,India,X,X,X,DD,DD,X,X,X,X,X,NaN,NaN
365,Vivek Yadav,1984/12/9,India,X,X,X,DD,X,X,X,X,X,X,NaN,NaN
366,Brad Haddin,1977/10/23,Australia,X,X,X,KKR,KKR,KKR,X,X,X,X,NaN,NaN
367,James Pattinson,1990/5/3,Australia,X,X,X,KKR,KKR,KKR,X,X,X,X,NaN,NaN
368,Mohammed Shami,1990/9/3,India,X,X,X,KKR,KKR,KKR,DD,DD,DD,DD,DD,KXIP
369,Ryan ten Doeschate,1980/6/30,Netherlands,X,X,X,KKR,KKR,KKR,KKR,KKR,X,X,NaN,NaN
370,Shakib Al Hasan,1987/3/24,Bangladesh,X,X,X,KKR,KKR,KKR,KKR,KKR,KKR,KKR,SRH,SRH
371,Deepak Chougule,NaN,India,X,X,X,KTK,X,X,X,X,X,X,NaN,NaN
372,Gnaneswara Rao,1984/8/25,India,X,X,X,KTK,X,X,X,X,X,X,NaN,NaN
373,John Hastings,1985/11/4,Australia,X,X,X,KTK,X,X,CSK,X,KKR,X,NaN,NaN
374,Michael Klinger,1980/7/4,Australia,X,X,X,KTK,X,X,X,X,X,X,NaN,NaN
375,Padmanabhan Prasanth,NaN,India,X,X,X,KTK,X,SRH,X,SRH,X,X,NaN,NaN
376,Prasanth Parameswaran,1985/5/30,India,X,X,X,KTK,RCB,RCB,SRH,X,X,X,NaN,NaN
377,Steve O'Keefe,1984/12/9,Australia,X,X,X,KTK,X,X,X,X,X,X,NaN,NaN
378,Sushant Marathe,NaN,India,X,X,X,KTK,MI,MI,MI,X,X,X,NaN,NaN
379,Amit Yadav,1989/10/10,India,X,X,X,KXIP,KXIP,X,X,X,X,X,NaN,NaN
380,Bhargav Bhatt,1990/5/13,India,X,X,X,KXIP,KXIP,KXIP,X,X,X,X,NaN,NaN
381,David Miller,1989/6/10,South Africa,X,X,X,KXIP,KXIP,KXIP,KXIP,KXIP,KXIP,KXIP,KXIP,KXIP
382,Manan Vohra,1993/7/18,India,X,X,X,KXIP,KXIP,KXIP,KXIP,KXIP,KXIP,KXIP,RCB,RR
383,Nathan Rimmington,1982/11/11,Australia,X,X,X,KXIP,KXIP,X,X,X,X,X,NaN,NaN
384,Stuart Broad,1986/6/24,England,X,X,X,KXIP,KXIP,X,X,X,X,X,NaN,NaN
385,Sunny Singh,NaN,India,X,X,X,KXIP,KXIP,KXIP,X,X,X,X,NaN,NaN
386,Aiden Blizzard,1984/6/27,Australia,X,X,X,MI,MI,MI,X,MI,X,X,NaN,NaN
387,Clint McKay,1983/2/22,Australia,X,X,X,MI,MI,SRH,X,X,X,X,NaN,NaN
388,Davy Jacobs,1982/11/4,South Africa,X,X,X,MI,MI,X,X,X,X,X,NaN,NaN
389,James Franklin,1980/11/7,New Zealand,X,X,X,MI,MI,MI,X,X,X,X,NaN,NaN
390,Pawan Suyal,1989/10/15,India,X,X,X,MI,MI,MI,MI,MI,DD,X,NaN,NaN
391,Santosh Yadav,1979/10/17,India,X,X,X,MI,X,X,X,X,X,X,NaN,NaN
392,Sarul Kanwar,1987/11/8,India,X,X,X,MI,X,X,X,X,X,X,NaN,NaN
393,Suryakumar Yadav,1990/9/14,India,X,X,X,MI,MI,MI,KKR,KKR,KKR,KKR,MI,MI
394,Yuzvendra Chahal,1990/7/23,India,X,X,X,MI,MI,MI,RCB,RCB,RCB,RCB,RCB,RCB
395,Alfonso Thomas,1977/2/9,South Africa,X,X,X,PWI,PWI,X,X,X,X,X,NaN,NaN
396,Callum Ferguson,1984/11/21,Australia,X,X,X,PWI,PWI,X,X,X,X,X,NaN,NaN
397,Dheeraj Jadhav,1979/9/16,India,X,X,X,PWI,PWI,PWI,X,X,X,X,NaN,NaN
398,Eklavya Dwivedi,1988/7/22,India,X,X,X,PWI,PWI,PWI,X,CSK,GL,SRH,NaN,NaN
399,Ganesh Gaikwad,NaN,India,X,X,X,PWI,X,X,X,X,X,X,NaN,NaN
400,Harpreet Singh,1991/8/11,India,X,X,X,PWI,PWI,PWI,X,X,X,X,NaN,NaN
401,Imtiaz Ahmed,1985/11/10,India,X,X,X,PWI,X,CSK,X,X,X,X,NaN,NaN
402,James Faulkner,1990/4/29,Australia,X,X,X,PWI,KXIP,RR,RR,RR,GL,GL,NaN,NaN
403,Nathan McCullum,1980/9/1,India,X,X,X,PWI,PWI,SRH,X,X,X,X,NaN,NaN
404,Nayan Doshi,NaN,India,X,X,X,PWI,X,X,X,X,X,X,NaN,NaN
405,Shrikant Mundhe,1988/10/27,India,X,X,X,PWI,X,X,X,X,X,X,KKR,NaN
406,Tim Paine,1984/12/8,Australia,X,X,X,PWI,X,X,X,X,X,X,NaN,NaN
407,Abrar Kazi,1989/9/29,India,X,X,X,RCB,X,X,X,X,X,X,NaN,NaN
408,Asad Pathan,1984/6/17,India,X,X,X,RCB,RCB,X,X,X,X,X,NaN,NaN
409,BN Bharath,NaN,India,X,X,X,RCB,X,X,X,X,X,X,NaN,NaN
410,Johan van der Wath,1978/1/10,South Africa,X,X,X,RCB,X,X,X,X,X,X,NaN,NaN
411,Jonathan Vandiar,1990/4/25,South Africa,X,X,X,RCB,X,X,X,X,X,X,NaN,NaN
412,Mayank Agarwal,1991/2/16,India,X,X,X,RCB,RCB,RCB,DD,DD,DD,RPS,KXIP,KXIP
413,Nuwan Pradeep,1986/10/19,Sri Lanka,X,X,X,RCB,X,X,X,X,X,X,NaN,NaN
414,Rilee Rossouw,1989/10/9,South Africa,X,X,X,RCB,RCB,RCB,RCB,RCB,X,X,NaN,NaN
415,Syed Mohammed,1983/6/3,India,X,X,X,RCB,RCB,RCB,X,X,X,X,NaN,NaN
416,Ashok Menaria,1990/10/29,India,X,X,X,RR,RR,RR,X,X,X,X,NaN,NaN
417,Deepak Chahar,1992/8/7,India,X,X,X,RR,RR,RR,X,X,RPS,RPS,CSK,CSK
418,Dishant Yagnik,1983/6/22,India,X,X,X,RR,RR,RR,RR,RR,X,X,NaN,NaN
419,Samad Fallah,1985/5/2,India,X,X,X,RR,RR,RR,X,X,X,X,NaN,NaN
420,Akshath Reddy,1991/2/11,India,X,X,X,X,DC,SRH,X,X,X,X,NaN,NaN
421,Biplab Samantray,NaN,India,X,X,X,X,DC,SRH,X,X,X,X,NaN,NaN
422,Daniel Harris,1979/12/31,Australia,X,X,X,X,DC,X,X,X,X,X,NaN,NaN
423,Darren Bravo,1989/2/6,Trinidad and Tobago,X,X,X,X,DC,X,X,X,X,KKR,X,NaN
424,Sneha Kishore,1993/12/31,India,X,X,X,X,DC,X,X,X,X,X,NaN,NaN
425,Tanmay Mishra,1986/12/22,Kenya,X,X,X,X,DC,X,RCB,X,X,X,NaN,NaN
426,Tekkami Atchuta Rao,NaN,India,X,X,X,X,DC,X,X,X,X,X,NaN,NaN
427,TP Sudhindra,1984/4/24,India,X,X,X,X,DC,X,X,X,X,X,NaN,NaN
428,Veer Pratap Singh,1992/5/3,India,X,X,X,X,DC,SRH,KKR,KKR,X,X,NaN,NaN
429,Andre Russell,1988/4/29,Jamaica,X,X,X,X,DD,DD,KKR,KKR,KKR,X,KKR,KKR
430,Doug Bracewell,1990/9/28,New Zealand,X,X,X,X,DD,X,X,X,X,X,NaN,NaN
431,Glenn Maxwell,1988/10/14,Australia,X,X,X,X,DD,MI,KXIP,KXIP,KXIP,KXIP,DD,NaN
432,Gulam Bodi,1979/1/4,South Africa,X,X,X,X,DD,DD,X,X,X,X,NaN,NaN
433,Kuldeep Raval,1985/11/30,India,X,X,X,X,DD,X,X,X,X,X,NaN,NaN
434,Manpreet Juneja,1990/9/12,India,X,X,X,X,DD,DD,SRH,X,X,X,NaN,NaN
435,Pawan Negi,1993/1/6,India,X,X,X,X,DD,DD,CSK,CSK,DD,RCB,RCB,RCB
436,Puneet Bisht,1986/6/15,India,X,X,X,X,DD,DD,X,X,X,X,NaN,NaN
437,Sunny Gupta,1988/9/27,India,X,X,X,X,DD,DD,X,X,X,X,NaN,NaN
438,Zafir Patel,1992/9/14,India,X,X,X,X,DD,X,X,X,X,X,NaN,NaN
439,Chirag Jani,1989/11/9,India,X,X,X,X,KKR,X,X,X,X,X,NaN,NaN
440,Iresh Saxena,1984/3/14,India,X,X,X,X,KKR,X,X,X,X,X,NaN,NaN
441,Marchant de Lange,1990/10/13,South Africa,X,X,X,X,KKR,KKR,MI,MI,MI,X,NaN,NaN
442,Sanju Samson,1994/11/11,India,X,X,X,X,KKR,RR,RR,RR,DD,DD,RR,RR
443,Sunil Narine,1988/5/26,Trinidad and Tobago,X,X,X,X,KKR,KKR,KKR,KKR,KKR,KKR,KKR,KKR
444,Ben Cutting,1987/1/30,Australia,X,X,X,X,KXIP,X,RR,RR,SRH,SRH,MI,MI
445,Gurkeerat Singh,1990/6/29,India,X,X,X,X,KXIP,KXIP,KXIP,KXIP,KXIP,KXIP,DD,RCB
446,Kyle Abbott,1987/6/18,South Africa,X,X,X,X,KXIP,X,X,CSK,KXIP,X,NaN,NaN
447,Parvinder Awana,1986/7/19,India,X,X,X,X,KXIP,KXIP,KXIP,KXIP,X,X,NaN,NaN
448,Amitoze Singh,1989/2/15,India,X,X,X,X,MI,MI,X,X,X,X,NaN,NaN
449,Apoorv Wankhade,1992/3/14,India,X,X,X,X,MI,X,MI,X,X,X,NaN,NaN
450,Kuldeep Yadav,1994/12/14,India,X,X,X,X,MI,X,KKR,KKR,KKR,KKR,KKR,NaN
451,Mitchell Johnson,1981/11/2,Australia,X,X,X,X,MI,MI,KXIP,KXIP,KXIP,MI,NaN,NaN
452,Richard Levi,1988/1/14,South Africa,X,X,X,X,MI,X,X,X,X,X,NaN,NaN
453,Robin Peterson,1979/8/4,South Africa,X,X,X,X,MI,X,X,X,X,X,NaN,NaN
454,Sujit Nayak,1989/6/23,India,X,X,X,X,MI,DD,X,X,X,X,NaN,NaN
455,Anustup Majumdar,1984/4/30,India,X,X,X,X,PWI,PWI,X,X,X,X,NaN,NaN
456,Krishnakant Upadhyay,1986/6/18,India,X,X,X,X,PWI,PWI,X,X,X,X,NaN,NaN
457,Luke Wright,1985/3/7,England,X,X,X,X,PWI,PWI,X,X,X,X,NaN,NaN
458,Marlon Samuels,1981/2/5,Jamaica,X,X,X,X,PWI,PWI,X,X,X,X,NaN,NaN
459,Michael Clarke,1981/4/2,Australia,X,X,X,X,PWI,PWI,X,X,X,X,NaN,NaN
460,Tamim Iqbal,1989/3/20,Bangladesh,X,X,X,X,PWI,PWI,X,X,X,X,NaN,NaN
461,Harshal Patel,1990/11/23,India,X,X,X,X,RCB,RCB,RCB,RCB,RCB,RCB,DD,NaN
462,Karun Nair,1991/12/6,India,X,X,X,X,RCB,RCB,RR,RR,DD,DD,KXIP,KXIP
463,S. Thiagarajan,NaN,India,X,X,X,X,RCB,X,X,X,X,X,NaN,NaN
464,Vijay Zol,1994/11/23,India,X,X,X,X,RCB,RCB,RCB,RCB,X,X,NaN,NaN
465,Brad Hogg,1971/2/6,Australia,X,X,X,X,RR,RR,X,KKR,KKR,X,NaN,NaN
466,Dinesh Chandimal,1989/11/18,Sri Lanka,X,X,X,X,RR,X,X,X,X,X,NaN,NaN
467,Kevon Cooper,1989/2/2,Trinidad and Tobago,X,X,X,X,RR,RR,RR,X,X,X,NaN,NaN
468,Samuel Badree,1981/3/8,Trinidad and Tobago,X,X,X,X,RR,RR,CSK,CSK,RCB,RCB,NaN,NaN
469,Akila Dananjaya,1993/10/4,Sri Lanka,X,X,X,X,X,CSK,X,X,X,X,MI,NaN
470,Ankit Rajpoot,1993/12/4,India,X,X,X,X,X,CSK,X,X,KKR,KKR,KXIP,KXIP
471,Baba Aparajith,1994/7/8,India,X,X,X,X,X,CSK,CSK,CSK,RPS,RPS,NaN,NaN
472,Ben Laughlin,1982/10/3,Australia,X,X,X,X,X,CSK,X,X,X,SRH,NaN,NaN
473,Chris Morris,1987/4/30,South Africa,X,X,X,X,X,CSK,X,RR,DD,DD,DD,NaN
474,Jason Holder,1991/11/5,Barbados,X,X,X,X,X,CSK,SRH,X,KKR,X,NaN,NaN
475,Mohit Sharma,1988/9/18,India,X,X,X,X,X,CSK,CSK,CSK,KXIP,KXIP,CSK,NaN
476,R. Karthikeyan,NaN,India,X,X,X,X,X,CSK,X,X,X,X,NaN,NaN
477,Ronit More,1992/2/2,India,X,X,X,X,X,CSK,CSK,CSK,X,X,NaN,NaN
478,Vijay Shankar,1991/1/26,India,X,X,X,X,X,CSK,CSK,X,SRH,SRH,DD,SRH
479,Arisht Singhvi,NaN,India,X,X,X,X,X,DD,X,X,X,X,NaN,NaN
480,Ben Rohrer,1981/3/26,Australia,X,X,X,X,X,DD,X,X,X,X,NaN,NaN
481,Jeevan Mendis,1983/1/15,Sri Lanka,X,X,X,X,X,DD,X,X,X,X,NaN,NaN
482,Royston Dias,1993/6/30,India,X,X,X,X,X,DD,X,X,X,X,NaN,NaN
483,Sachithra Senanayake,1985/2/9,Sri Lanka,X,X,X,X,X,KKR,X,X,X,X,NaN,NaN
484,Aniket Choudhary,1990/1/28,India,X,X,X,X,X,KXIP,X,X,X,RCB,NaN,NaN
485,Michael Neser,1990/3/29,Australia,X,X,X,X,X,KXIP,X,X,X,X,NaN,NaN
486,Sandeep Sharma,1993/5/18,India,X,X,X,X,X,KXIP,KXIP,KXIP,KXIP,KXIP,SRH,NaN
487,Axar Patel,1994/1/20,India,X,X,X,X,X,MI,KXIP,KXIP,KXIP,KXIP,KXIP,NaN
488,Jalaj Saxena,1986/12/15,India,X,X,X,X,X,MI,MI,RCB,X,X,NaN,NaN
489,Jasprit Bumrah,1993/12/6,India,X,X,X,X,X,MI,MI,MI,MI,MI,MI,MI
490,Javed Khan,1990/10/20,India,X,X,X,X,X,MI,X,X,X,X,NaN,NaN
491,Nathan Coulter-Nile,1987/10/11,Australia,X,X,X,X,X,MI,DD,DD,DD,KKR,RCB,RCB
492,Phillip Hughes,1988/11/30,Australia,X,X,X,X,X,MI,X,X,X,X,NaN,NaN
493,Ishwar Pandey,1989/8/15,India,X,X,X,X,X,PWI,CSK,CSK,RPS,RPS,NaN,NaN
494,Kane Richardson,1991/2/12,Australia,X,X,X,X,X,PWI,RR,RR,RCB,X,NaN,NaN
495,Parvez Rasool,1989/2/13,India,X,X,X,X,X,PWI,SRH,SRH,RCB,X,NaN,NaN
496,Udit Birla,1989/11/17,India,X,X,X,X,X,PWI,X,X,X,X,NaN,NaN
497,Chris Barnwell,1987/1/6,Guyana,X,X,X,X,X,RCB,X,X,X,X,NaN,NaN
498,KL Rahul,1992/4/18,India,X,X,X,X,X,RCB,SRH,SRH,RCB,RCB,KXIP,KXIP
499,Ravi Rampaul,1984/10/15,Trinidad and Tobago,X,X,X,X,X,RCB,RCB,X,X,X,NaN,NaN
500,Sandeep Warrier,1991/4/4,India,X,X,X,X,X,RCB,RCB,RCB,X,X,KKR,NaN
501,Sheldon Jackson,1986/9/27,India,X,X,X,X,X,RCB,X,KKR,KKR,KKR,NaN,NaN
502,Kumar Boresa,NaN,India,X,X,X,X,X,RR,X,X,X,X,NaN,NaN
503,Kusal Perera,1990/8/17,Sri Lanka,X,X,X,X,X,RR,X,X,X,X,NaN,NaN
504,Pravin Tambe,1971/10/8,India,X,X,X,X,X,RR,RR,RR,GL,SRH,NaN,NaN
505,Sachin Baby,1988/12/18,India,X,X,X,X,X,RR,X,X,X,RCB,NaN,NaN
506,Darren Sammy,1983/12/20,Saint Lucia,X,X,X,X,X,SRH,SRH,RCB,X,KXIP,NaN,NaN
507,Hanuma Vihari,1993/10/13,India,X,X,X,X,X,SRH,X,SRH,X,X,NaN,NaN
508,Quinton de Kock,1992/12/17,South Africa,X,X,X,X,X,SRH,DD,DD,DD,DD,RCB,MI
509,Thalaivan Sargunam,1985/5/15,India,X,X,X,X,X,SRH,X,X,X,X,NaN,NaN
510,Matt Henry,1991/12/14,New Zealand,X,X,X,X,X,X,CSK,CSK,X,KXIP,NaN,NaN
511,HS Sharath,1993/6/2,India,X,X,X,X,X,X,DD,X,X,X,NaN,NaN
512,Imran Tahir,1979/3/27,South Africa,X,X,X,X,X,X,DD,DD,DD,RPS,CSK,CSK
513,Jimmy Neesham,1990/9/17,New Zealand,X,X,X,X,X,X,DD,KKR,X,X,NaN,NaN
514,Jayant Yadav,1990/1/22,India,X,X,X,X,X,X,DD,DD,DD,DD,DD,NaN
515,Milind Kumar,1991/2/15,India,X,X,X,X,X,X,DD,X,X,X,RCB,NaN
516,Pat Cummins,1993/5/8,Australia,X,X,X,X,X,X,KKR,KKR,X,DD,NaN,NaN
517,Sayan Mondal,1989/11/10,India,X,X,X,X,X,X,KKR,X,X,X,NaN,NaN
518,Beuran Hendricks,1990/7/8,South Africa,X,X,X,X,X,X,KXIP,KXIP,X,X,NaN,NaN
519,Karanveer Singh,1987/11/8,India,X,X,X,X,X,X,KXIP,KXIP,X,X,NaN,NaN
520,Shardul Thakur,1991/10/16,India,X,X,X,X,X,X,KXIP,KXIP,KXIP,RPS,CSK,CSK
521,Shivam Sharma,1993/9/9,India,X,X,X,X,X,X,KXIP,KXIP,X,X,NaN,NaN
522,Ben Dunk,1987/3/11,Australia,X,X,X,X,X,X,MI,X,X,X,NaN,NaN
523,Corey Anderson,1990/12/13,New Zealand,X,X,X,X,X,X,MI,MI,MI,DD,RCB,NaN
524,Josh Hazlewood,1991/1/8,Australia,X,X,X,X,X,X,MI,MI,X,X,NaN,NaN
525,Krishmar Santokie,1984/12/20,Jamaica,X,X,X,X,X,X,MI,X,X,X,NaN,NaN
526,Lendl Simmons,1985/1/25,Trinidad and Tobago,X,X,X,X,X,X,MI,MI,MI,MI,NaN,NaN
527,Shreyas Gopal,1993/9/4,India,X,X,X,X,X,X,MI,MI,MI,MI,RR,RR
528,Mitchell Starc,1990/1/30,Australia,X,X,X,X,X,X,RCB,RCB,RCB,X,KKR,NaN
529,Nic Maddinson,1991/12/21,Australia,X,X,X,X,X,X,RCB,RCB,X,X,NaN,NaN
530,Amit Mishra,1991/11/11,India,X,X,X,X,X,X,RR,X,GL,X,DD,NaN
531,Ankush Bains,1995/12/16,India,X,X,X,X,X,X,RR,CSK,RPS,RPS,NaN,NaN
532,Deepak Hooda,1995/4/19,India,X,X,X,X,X,X,RR,RR,SRH,SRH,SRH,NaN
533,Rahul Tewatia,1993/5/20,India,X,X,X,X,X,X,RR,RR,X,KXIP,DD,NaN
534,Brendan Taylor,1986/2/6,Zimbabwe,X,X,X,X,X,X,SRH,X,X,X,NaN,NaN
535,Chama Milind,1994/9/4,India,X,X,X,X,X,X,SRH,SRH,DD,DD,NaN,NaN
536,Ricky Bhui,1996/9/29,India,X,X,X,X,X,X,SRH,SRH,SRH,X,SRH,SRH
537,Andrew Tye,1986/12/12,Australia,X,X,X,X,X,X,X,CSK,GL,GL,KXIP,KXIP
538,Pratyush Singh,1994/9/4,India,X,X,X,X,X,X,X,CSK,DD,DD,NaN,NaN
539,Domnic Muthuswami,1981/3/9,India,X,X,X,X,X,X,X,DD,X,X,NaN,NaN
540,Gurinder Sandhu,1993/6/14,Australia,X,X,X,X,X,X,X,DD,X,X,NaN,NaN
541,KK Jiyas,NaN,India,X,X,X,X,X,X,X,DD,X,X,NaN,NaN
542,Marcus Stoinis,1989/8/16,Australia,X,X,X,X,X,X,X,DD,KXIP,KXIP,KXIP,RCB
543,Shreyas Iyer,1994/12/6,India,X,X,X,X,X,X,X,DD,DD,DD,DD,NaN
544,Srikar Bharat,1993/10/3,India,X,X,X,X,X,X,X,DD,X,X,NaN,NaN
545,Travis Head,1993/12/29,Australia,X,X,X,X,X,X,X,DD,RCB,RCB,NaN,NaN
546,Aditya Garhwal,1996/4/15,India,X,X,X,X,X,X,X,KKR,X,X,NaN,NaN
547,KC Cariappa,1994/4/13,India,X,X,X,X,X,X,X,KKR,KXIP,KXIP,KKR,NaN
548,Vaibhav Rawal,1991/11/9,India,X,X,X,X,X,X,X,KKR,X,X,NaN,NaN
549,Nikhil Naik,1994/11/9,India,X,X,X,X,X,X,X,KXIP,KXIP,KXIP,KKR,NaN
550,Yogesh Golwalkar,NaN,India,X,X,X,X,X,X,X,KXIP,X,X,NaN,NaN
551,Akshay Wakhare,1985/10/3,India,X,X,X,X,X,X,X,MI,MI,X,NaN,NaN
552,Alex Hales,1989/1/3,England,X,X,X,X,X,X,X,MI,X,X,SRH,NaN
553,Colin Munro,1987/3/11,New Zealand,X,X,X,X,X,X,X,MI,KKR,X,DD,NaN
554,Hardik Pandya,1993/10/11,India,X,X,X,X,X,X,X,MI,MI,MI,MI,MI
555,Jagadeesha Suchith,1994/1/16,India,X,X,X,X,X,X,X,MI,MI,MI,NaN,NaN
556,Mitchell McClenaghan,1986/6/11,New Zealand,X,X,X,X,X,X,X,MI,MI,MI,MI,MI
557,Nitish Rana,1993/12/27,India,X,X,X,X,X,X,X,MI,MI,MI,KKR,KKR
558,Siddhesh Lad,1992/5/23,India,X,X,X,X,X,X,X,MI,MI,MI,MI,NaN
559,Adam Milne,1992/4/13,New Zealand,X,X,X,X,X,X,X,RCB,RCB,RCB,MI,NaN
560,David Wiese,1985/5/18,South Africa,X,X,X,X,X,X,X,RCB,RCB,X,NaN,NaN
561,Sarfaraz Khan,1997/10/22,India,X,X,X,X,X,X,X,RCB,RCB,RCB,RCB,KXIP
562,Sean Abbott,1992/2/29,Australia,X,X,X,X,X,X,X,RCB,X,X,NaN,NaN
563,Shishir Bhavane,1991/9/24,India,X,X,X,X,X,X,X,RCB,X,X,NaN,NaN
564,Barinder Sran,1992/12/10,India,X,X,X,X,X,X,X,RR,SRH,SRH,MI,NaN
565,Pardeep Sahu,1985/8/21,India,X,X,X,X,X,X,X,RR,KXIP,KXIP,KXIP,NaN
566,Sagar Trivedi,1991/10/20,India,X,X,X,X,X,X,X,RR,X,X,NaN,NaN
567,Kane Williamson,1990/8/8,New Zealand,X,X,X,X,X,X,X,SRH,SRH,SRH,SRH,SRH
568,Trent Boult,1989/7/22,New Zealand,X,X,X,X,X,X,X,SRH,SRH,KKR,DD,NaN
569,Akhil Herwadkar,1994/10/31,India,X,X,X,X,X,X,X,X,DD,X,NaN,NaN
570,Carlos Brathwaite,1988/7/18,Barbados,X,X,X,X,X,X,X,X,DD,DD,SRH,KKR
571,Khaleel Ahmed,1997/12/5,India,X,X,X,X,X,X,X,X,DD,DD,SRH,SRH
572,Mahipal Lomror,1999/11/16,India,X,X,X,X,X,X,X,X,DD,X,RR,RR
573,Rishabh Pant,1997/10/4,India,X,X,X,X,X,X,X,X,DD,DD,DD,NaN
574,Sam Billings,1991/6/15,England,X,X,X,X,X,X,X,X,DD,DD,CSK,CSK
575,Akshdeep Nath,1993/5/10,India,X,X,X,X,X,X,X,X,GL,GL,X,RCB
576,Ishan Kishan,1998/7/18,India,X,X,X,X,X,X,X,X,GL,MI,MI,MI
577,Shivil Kaushik,1995/9/7,India,X,X,X,X,X,X,X,X,GL,GL,NaN,NaN
578,Umang Sharma,1989/10/20,India,X,X,X,X,X,X,X,X,GL,X,NaN,NaN
579,Manan Sharma,1991/3/19,India,X,X,X,X,X,X,X,X,KKR,X,NaN,NaN
580,Armaan Jaffer,1998/10/25,India,X,X,X,X,X,X,X,X,KXIP,KXIP,NaN,NaN
581,Farhaan Behardien,1983/10/9,South Africa,X,X,X,X,X,X,X,X,KXIP,X,NaN,NaN
582,Hashim Amla,1983/3/31,South Africa,X,X,X,X,X,X,X,X,KXIP,KXIP,NaN,NaN
583,Deepak Punia,1993/9/27,India,X,X,X,X,X,X,X,X,MI,MI,NaN,NaN
584,Jitesh Sharma,1993/10/22,India,X,X,X,X,X,X,X,X,MI,MI,NaN,NaN
585,Jos Buttler,1990/9/8,England,X,X,X,X,X,X,X,X,MI,MI,RR,RR
586,Kishore Kamath,NaN,India,X,X,X,X,X,X,X,X,MI,X,NaN,NaN
587,Krunal Pandya,1991/3/24,India,X,X,X,X,X,X,X,X,MI,MI,MI,MI
588,Martin Guptill,1986/9/30,New Zealand,X,X,X,X,X,X,X,X,MI,KXIP,X,SRH
589,Nathu Singh,1995/9/8,India,X,X,X,X,X,X,X,X,MI,GL,NaN,NaN
590,Akshay Karnewar,1992/10/12,India,X,X,X,X,X,X,X,X,RCB,X,NaN,NaN
591,Chris Jordan,1988/10/4,England,X,X,X,X,X,X,X,X,RCB,SRH,NaN,NaN
592,Joel Paris,1992/12/11,Australia,X,X,X,X,X,X,X,X,RCB,X,NaN,NaN
593,Praveen Dubey,1993/7/1,India,X,X,X,X,X,X,X,X,RCB,RCB,NaN,NaN
594,Tabraiz Shamsi,1990/2/18,South Africa,X,X,X,X,X,X,X,X,RCB,RCB,NaN,NaN
595,Vikas Tokas,1986/10/16,India,X,X,X,X,X,X,X,X,RCB,X,NaN,NaN
596,Adam Zampa,1992/3/31,Australia,X,X,X,X,X,X,X,X,RPS,RPS,NaN,NaN
597,Murugan Ashwin,1990/9/8,India,X,X,X,X,X,X,X,X,RPS,DD,KXIP,NaN
598,Peter Handscomb,1991/4/26,Australia,X,X,X,X,X,X,X,X,RPS,X,NaN,NaN
599,Scott Boland,1989/4/11,Australia,X,X,X,X,X,X,X,X,RPS,X,NaN,NaN
600,Usman Khawaja,1986/12/18,Australia,X,X,X,X,X,X,X,X,RPS,RPS,NaN,NaN
601,D'Arcy Short,1990/8/9,Australia,X,X,X,X,X,X,X,X,X,X,RR,NaN
602,Mustafizur Rahman,1995/9/6,Bangladesh,X,X,X,X,X,X,X,X,SRH,SRH,MI,NaN
603,Ankit Bawne,1992/12/17,India,X,X,X,X,X,X,X,X,X,DD,NaN,NaN
604,Kagiso Rabada,1995/5/25,South Africa,X,X,X,X,X,X,X,X,X,DD,DD,NaN
605,Navdeep Saini,1992/11/23,India,X,X,X,X,X,X,X,X,X,DD,RCB,RCB
606,Shashank Singh,1991/11/21,India,X,X,X,X,X,X,X,X,X,DD,RR,NaN
607,Ankit Soni,1993/8/2,India,X,X,X,X,X,X,X,X,X,GL,NaN,NaN
608,Basil Thampi,1993/9/11,India,X,X,X,X,X,X,X,X,X,GL,SRH,SRH
609,Chirag Suri,1995/2/18,United Arab Emirates,X,X,X,X,X,X,X,X,X,GL,NaN,NaN
610,Jason Roy,1990/7/21,England,X,X,X,X,X,X,X,X,X,GL,DD,NaN
611,Pratham Singh,1992/8/31,India,X,X,X,X,X,X,X,X,X,GL,NaN,NaN
612,Rinku Singh,1997/10/12,India,X,X,X,X,X,X,X,X,X,GL,KKR,KKR
613,Shelley Shaurya,1993/9/17,India,X,X,X,X,X,X,X,X,X,GL,NaN,NaN
614,Shubham Agarwal,1993/11/21,India,X,X,X,X,X,X,X,X,X,GL,NaN,NaN
615,Tejas Baroka,1996/2/1,India,X,X,X,X,X,X,X,X,X,GL,NaN,NaN
616,Chris Woakes,1989/3/2,England,X,X,X,X,X,X,X,X,X,KKR,RCB,NaN
617,Colin de Grandhomme,1986/7/22,New Zealand,X,X,X,X,X,X,X,X,X,KKR,RCB,RCB
618,Rovman Powell,1993/7/23,Jamaica,X,X,X,X,X,X,X,X,X,KKR,NaN,NaN
619,Sanjay Yadav,1995/5/10,India,X,X,X,X,X,X,X,X,X,KKR,NaN,NaN
620,Sayan Ghosh,1992/9/16,India,X,X,X,X,X,X,X,X,X,KKR,DD,NaN
621,T Natarajan,1991/5/27,India,X,X,X,X,X,X,X,X,X,KXIP,SRH,SRH
622,Asela Gunaratne,1986/1/8,Sri Lanka,X,X,X,X,X,X,X,X,X,MI,NaN,NaN
623,Krishnappa Gowtham,1988/10/20,India,X,X,X,X,X,X,X,X,X,MI,RR,RR
624,Kulwant Khejroliya,1992/3/13,India,X,X,X,X,X,X,X,X,X,MI,RCB,RCB
625,Nicholas Pooran,1995/10/2,Trinidad and Tobago,X,X,X,X,X,X,X,X,X,MI,KXIP,KXIP
626,Avesh Khan,1996/12/13,India,X,X,X,X,X,X,X,X,X,RCB,DD,NaN
627,Billy Stanlake,1994/11/4,Australia,X,X,X,X,X,X,X,X,X,RCB,SRH,NaN
628,Tymal Mills,1992/8/12,England,X,X,X,X,X,X,X,X,X,RCB,NaN,NaN
629,Vishnu Vinod,1993/12/2,India,X,X,X,X,X,X,X,X,X,RCB,NaN,NaN
630,Ben Stokes,1991/6/4,England,X,X,X,X,X,X,X,X,X,RPS,RR,RR
631,Lockie Ferguson,1991/6/13,New Zealand,X,X,X,X,X,X,X,X,X,RPS,X,KKR
632,Milind Tandon,NaN,India,X,X,X,X,X,X,X,X,X,RPS,NaN,NaN
633,Rahul Chahar,1999/8/4,India,X,X,X,X,X,X,X,X,X,RPS,MI,NaN
634,Rahul Tripathi,1991/3/2,India,X,X,X,X,X,X,X,X,X,RPS,RR,RR
635,Saurabh Kumar,NaN,India,X,X,X,X,X,X,X,X,X,RPS,NaN,NaN
636,Washington Sundar,1999/10/5,India,X,X,X,X,X,X,X,X,X,RPS,RCB,RCB
637,Mohammad Nabi,1985/1/1,Afghanistan,X,X,X,X,X,X,X,X,X,SRH,SRH,SRH
638,Mohammed Siraj,1994/3/13,India,X,X,X,X,X,X,X,X,X,SRH,RCB,RCB
639,Rashid Khan,1998/9/20,Afghanistan,X,X,X,X,X,X,X,X,X,SRH,SRH,SRH
640,Ricky Bhui,1996/9/29,India,X,X,X,X,X,X,X,X,X,SRH,SRH,NaN
641,Tanmay Agarwal,1995/5/3,India,X,X,X,X,X,X,X,X,X,SRH,NaN,NaN
642,Dhruv Shorey,1992/6/5,India,X,X,X,X,X,X,X,X,X,X,CSK,CSK
643,Kanishk Seth,1997/11/4,India,X,X,X,X,X,X,X,X,X,X,CSK,NaN
644,Kshitiz Sharma,1990/4/21,India,X,X,X,X,X,X,X,X,X,X,CSK,NaN
645,Nayaran Jagadeesan,NaN,India,X,X,X,X,X,X,X,X,X,X,CSK,CSK
646,KM Asif,1993/7/24,India,X,X,X,X,X,X,X,X,X,X,CSK,CSK
647,Chaitanya Bishnoi,1994/8/25,India,X,X,X,X,X,X,X,X,X,X,CSK,CSK
648,Monu Kumar,1994/11/5,India,X,X,X,X,X,X,X,X,X,X,CSK,CSK
649,Lungi Ngidi,1996/3/29,South Africa,X,X,X,X,X,X,X,X,X,X,CSK,CSK
650,Mitchell Santner,1992/2/5,New Zealand,X,X,X,X,X,X,X,X,X,X,CSK,CSK
651,Mark Wood,1990/1/11,England,X,X,X,X,X,X,X,X,X,X,CSK,NaN
652,Prithvi Shaw,1999/11/9,India,X,X,X,X,X,X,X,X,X,X,DD,NaN
653,Manjot Kalra,1999/1/15,India,X,X,X,X,X,X,X,X,X,X,DD,NaN
654,Abhishek Sharma,2000/9/4,India,X,X,X,X,X,X,X,X,X,X,DD,SRH
655,Sandeep Lamichhane,2000/8/2,Nepal,X,X,X,X,X,X,X,X,X,X,DD,NaN
656,Akshdeep Nath,1993/5/10,India,X,X,X,X,X,X,X,X,X,X,KXIP,NaN
657,Mayank Dagar,1996/11/11,India,X,X,X,X,X,X,X,X,X,X,KXIP,NaN
658,Manzoor Dar,1993/11/1,India,X,X,X,X,X,X,X,X,X,X,KXIP,NaN
659,Ben Dwarshuis,1994/6/23,Australia,X,X,X,X,X,X,X,X,X,X,KXIP,NaN
660,Mujeeb Ur Rahman,2001/3/28,Afghanistan,X,X,X,X,X,X,X,X,X,X,KXIP,KXIP
661,Shubman Gill,1999/9/8,India,X,X,X,X,X,X,X,X,X,X,KKR,KKR
662,Shivam Mavi,1998/11/26,India,X,X,X,X,X,X,X,X,X,X,KKR,NaN
663,Jason Behrendorff,1990/4/20,Australia,X,X,X,X,X,X,X,X,X,X,X,NaN
664,Kamlesh Nagarkoti,1999/12/28,India,X,X,X,X,X,X,X,X,X,X,KKR,NaN
